temperature,pH,salinity,turbidity,water_type,species
31.05,7.68,15.1,36.75,High Salinity,Milkfish
27.04,7.81,18.05,49.56,High Salinity,Tiger Shrimp
28.4,7.86,25.35,33.36,High Salinity,Whiteleg Shrimp
28.63,6.41,0.0,20.27,Freshwater,Tilapia
30.29,7.8,24.57,53.18,High Salinity,Tiger Shrimp
28.73,7.84,1.19,23.58,Freshwater,Catfish
25.57,7.52,31.81,33.5,High Salinity,Milkfish
28.88,8.01,14.03,40.32,Brackish,Whiteleg Shrimp
26.98,8.12,33.25,25.66,High Salinity,Milkfish
28.83,6.46,4.52,39.22,Freshwater,Catfish
27.09,8.01,19.31,44.88,High Salinity,Tiger Shrimp
32.52,7.4,3.81,33.97,Freshwater,Catfish
27.88,7.34,4.1,18.9,Freshwater,Tilapia
30.31,7.04,0.0,19.45,Freshwater,Catfish
31.37,7.47,16.55,24.38,High Salinity,Whiteleg Shrimp
26.07,6.66,4.38,37.59,Freshwater,Catfish
26.61,7.08,5.2,16.53,Brackish,Tilapia
24.14,7.81,4.59,8.22,Freshwater,Tilapia
28.62,8.26,27.47,43.41,High Salinity,Milkfish
28.72,6.51,3.69,16.14,Freshwater,Tilapia
32.03,7.69,20.66,39.93,High Salinity,Whiteleg Shrimp
28.57,8.16,16.5,42.54,High Salinity,Milkfish
26.86,8.25,1.33,21.83,Freshwater,Tilapia
28.22,7.87,19.41,26.71,High Salinity,Milkfish
27.76,7.27,4.59,20.25,Freshwater,Catfish
30.7,8.03,21.99,53.65,High Salinity,Tiger Shrimp
28.59,8.28,26.97,53.79,High Salinity,Tiger Shrimp
26.92,7.24,11.68,32.7,Brackish,Milkfish
30.85,6.76,2.64,16.97,Freshwater,Catfish
31.43,7.69,18.12,47.46,High Salinity,Tiger Shrimp
30.77,7.63,17.21,37.34,High Salinity,Whiteleg Shrimp
30.24,7.82,1.45,16.4,Freshwater,Catfish
28.46,8.3,11.87,36.98,Brackish,Milkfish
31.87,7.61,32.33,38.56,High Salinity,Milkfish
30.71,7.59,3.88,19.86,Freshwater,Catfish
26.95,7.91,5.4,24.31,Brackish,Catfish
28.01,7.85,23.09,27.67,High Salinity,Tiger Shrimp
29.27,8.63,15.53,27.6,High Salinity,Whiteleg Shrimp
31.56,8.21,21.04,28.14,High Salinity,Whiteleg Shrimp
26.55,7.11,2.86,10.01,Freshwater,Tilapia
30.85,6.96,1.36,29.11,Freshwater,Catfish
24.37,7.0,0.0,32.24,Freshwater,Tilapia
29.14,7.88,10.17,46.08,Brackish,Milkfish
30.84,7.62,4.39,21.14,Freshwater,Catfish
27.65,8.09,25.21,39.13,High Salinity,Tiger Shrimp
27.34,7.72,1.75,15.17,Freshwater,Tilapia
29.59,7.8,3.94,18.07,Freshwater,Catfish
25.89,8.47,3.41,29.45,Freshwater,Tilapia
28.86,6.52,0.48,21.43,Freshwater,Catfish
24.14,8.15,1.52,7.98,Freshwater,Tilapia
27.2,6.77,3.04,33.79,Freshwater,Tilapia
27.06,7.66,23.16,35.27,High Salinity,Tiger Shrimp
30.61,6.99,35.36,28.29,High Salinity,Milkfish
26.04,7.75,3.2,32.23,Freshwater,Catfish
29.01,7.54,14.78,20.47,Brackish,Whiteleg Shrimp
29.28,8.11,18.24,29.0,High Salinity,Tiger Shrimp
27.35,8.06,21.45,50.65,High Salinity,Whiteleg Shrimp
31.87,7.77,15.91,28.53,High Salinity,Tiger Shrimp
27.71,8.16,20.57,40.59,High Salinity,Whiteleg Shrimp
31.75,7.06,32.34,37.54,High Salinity,Milkfish
31.12,8.32,31.21,23.88,High Salinity,Milkfish
29.73,7.64,21.99,29.02,High Salinity,Milkfish
31.5,8.17,27.29,35.89,High Salinity,Tiger Shrimp
30.55,7.43,18.53,21.04,High Salinity,Whiteleg Shrimp
29.77,7.67,19.12,32.32,High Salinity,Whiteleg Shrimp
23.92,6.9,5.06,30.09,Brackish,Tilapia
27.98,7.77,28.97,47.12,High Salinity,Tiger Shrimp
30.03,7.81,5.89,26.49,Brackish,Catfish
29.17,8.14,29.73,52.42,High Salinity,Tiger Shrimp
27.63,8.19,4.32,15.0,Freshwater,Tilapia
28.79,6.99,26.97,35.4,High Salinity,Milkfish
29.65,6.9,1.13,14.0,Freshwater,Catfish
30.77,7.71,3.74,23.87,Freshwater,Catfish
29.88,8.52,31.87,38.63,High Salinity,Tiger Shrimp
29.07,8.34,13.96,36.29,Brackish,Tiger Shrimp
27.62,8.58,2.75,20.92,Freshwater,Tilapia
28.83,7.73,3.21,35.67,Freshwater,Catfish
30.5,8.46,17.46,36.87,High Salinity,Whiteleg Shrimp
29.98,7.68,2.88,24.18,Freshwater,Tilapia
27.85,6.88,4.97,36.08,Freshwater,Catfish
30.75,7.71,3.67,27.94,Freshwater,Catfish
31.95,7.71,3.03,30.1,Freshwater,Catfish
28.51,7.96,27.06,53.81,High Salinity,Tiger Shrimp
29.7,7.77,15.57,17.02,High Salinity,Whiteleg Shrimp
30.14,8.04,22.45,39.79,High Salinity,Tiger Shrimp
31.26,7.02,2.34,22.72,Freshwater,Catfish
31.06,7.71,19.44,30.78,High Salinity,Whiteleg Shrimp
29.51,8.0,24.46,46.61,High Salinity,Whiteleg Shrimp
28.86,7.05,0.0,30.93,Freshwater,Catfish
27.49,6.85,28.32,34.31,High Salinity,Milkfish
28.99,8.34,21.85,39.08,High Salinity,Whiteleg Shrimp
27.61,8.04,28.62,41.96,High Salinity,Tiger Shrimp
27.35,7.17,5.55,38.12,Brackish,Catfish
28.0,7.92,29.09,34.79,High Salinity,Tiger Shrimp
27.39,7.84,24.51,37.33,High Salinity,Tiger Shrimp
27.82,7.57,3.93,21.85,Freshwater,Tilapia
29.72,8.24,18.28,47.67,High Salinity,Whiteleg Shrimp
30.0,7.45,32.56,45.25,High Salinity,Milkfish
30.91,8.37,17.68,28.77,High Salinity,Tiger Shrimp
26.44,7.08,0.0,21.66,Freshwater,Tilapia
27.54,8.54,23.63,45.37,High Salinity,Tiger Shrimp
28.27,8.09,2.16,19.83,Freshwater,Tilapia
29.2,7.87,18.82,30.18,High Salinity,Tiger Shrimp
30.24,8.03,13.98,30.82,Brackish,Milkfish
28.99,7.01,33.71,39.92,High Salinity,Milkfish
26.31,7.29,27.27,24.62,High Salinity,Milkfish
29.78,7.57,17.23,37.02,High Salinity,Milkfish
30.69,8.38,13.78,38.32,Brackish,Whiteleg Shrimp
28.05,7.11,31.17,22.36,High Salinity,Milkfish
28.88,7.51,16.53,42.55,High Salinity,Tiger Shrimp
28.3,7.39,25.17,43.06,High Salinity,Tiger Shrimp
29.63,7.32,0.0,15.36,Freshwater,Catfish
25.44,7.14,3.12,20.82,Freshwater,Catfish
29.74,7.89,20.05,54.02,High Salinity,Tiger Shrimp
25.42,7.44,6.44,22.3,Brackish,Catfish
30.32,7.13,2.04,27.16,Freshwater,Tilapia
29.29,8.02,31.66,40.92,High Salinity,Tiger Shrimp
29.21,7.81,1.55,32.06,Freshwater,Catfish
30.54,8.25,15.33,43.13,High Salinity,Whiteleg Shrimp
30.13,7.96,17.49,25.94,High Salinity,Whiteleg Shrimp
30.28,7.78,23.44,28.78,High Salinity,Milkfish
29.52,8.24,15.76,34.71,High Salinity,Whiteleg Shrimp
31.06,8.06,19.09,21.28,High Salinity,Whiteleg Shrimp
27.04,7.18,26.28,22.29,High Salinity,Milkfish
28.65,7.83,23.7,43.47,High Salinity,Whiteleg Shrimp
28.4,7.51,23.82,23.36,High Salinity,Whiteleg Shrimp
28.54,8.63,29.23,54.76,High Salinity,Tiger Shrimp
30.43,7.9,17.33,39.45,High Salinity,Tiger Shrimp
27.94,6.77,0.0,18.15,Freshwater,Catfish
29.68,8.61,24.22,48.46,High Salinity,Tiger Shrimp
30.47,7.98,24.86,29.55,High Salinity,Whiteleg Shrimp
29.27,7.64,20.77,35.64,High Salinity,Whiteleg Shrimp
25.79,6.6,3.65,9.25,Freshwater,Tilapia
27.46,6.35,3.2,32.3,Freshwater,Catfish
29.16,8.05,15.48,36.7,High Salinity,Tiger Shrimp
28.18,7.52,3.39,24.08,Freshwater,Tilapia
30.5,8.21,26.1,29.76,High Salinity,Whiteleg Shrimp
31.64,7.61,18.89,37.83,High Salinity,Whiteleg Shrimp
27.19,7.36,2.17,9.96,Freshwater,Tilapia
31.07,8.27,24.86,37.4,High Salinity,Whiteleg Shrimp
27.47,7.81,15.82,53.74,High Salinity,Tiger Shrimp
29.85,8.17,4.71,22.56,Freshwater,Catfish
30.32,6.87,0.98,27.61,Freshwater,Catfish
32.03,7.88,27.2,28.79,High Salinity,Milkfish
26.38,6.5,1.58,15.25,Freshwater,Tilapia
28.74,8.08,21.48,23.1,High Salinity,Whiteleg Shrimp
26.39,7.38,3.38,20.09,Freshwater,Tilapia
27.68,7.79,25.3,45.51,High Salinity,Milkfish
29.11,7.84,18.33,20.03,High Salinity,Whiteleg Shrimp
31.27,8.29,23.3,17.26,High Salinity,Whiteleg Shrimp
27.45,7.84,1.05,26.89,Freshwater,Tilapia
26.62,6.81,5.34,7.35,Brackish,Tilapia
27.48,8.43,20.09,21.67,High Salinity,Milkfish
28.81,8.06,26.59,30.32,High Salinity,Tiger Shrimp
29.16,6.81,0.63,24.18,Freshwater,Tilapia
32.04,7.16,0.1,34.03,Freshwater,Catfish
30.41,7.4,14.37,30.49,Brackish,Milkfish
29.99,7.73,17.91,40.21,High Salinity,Tiger Shrimp
27.72,8.62,26.08,31.78,High Salinity,Tiger Shrimp
29.57,7.99,19.49,30.04,High Salinity,Whiteleg Shrimp
26.24,6.65,4.12,27.56,Freshwater,Tilapia
29.16,7.22,16.4,30.32,High Salinity,Tiger Shrimp
27.56,7.95,23.41,24.8,High Salinity,Whiteleg Shrimp
26.08,8.03,1.61,25.9,Freshwater,Tilapia
25.23,8.02,5.64,18.25,Brackish,Tilapia
29.28,7.64,16.84,30.94,High Salinity,Tiger Shrimp
30.79,7.59,22.39,38.75,High Salinity,Tiger Shrimp
32.92,8.18,15.19,51.6,High Salinity,Whiteleg Shrimp
28.46,6.39,2.06,12.79,Freshwater,Tilapia
29.57,8.29,29.61,34.18,High Salinity,Milkfish
30.1,7.29,17.6,21.04,High Salinity,Whiteleg Shrimp
27.03,7.74,23.06,24.34,High Salinity,Milkfish
27.76,7.51,3.33,33.36,Freshwater,Catfish
27.74,7.68,18.49,49.02,High Salinity,Tiger Shrimp
27.15,8.35,28.5,32.44,High Salinity,Tiger Shrimp
29.75,8.12,19.99,34.66,High Salinity,Whiteleg Shrimp
28.06,6.7,4.14,10.04,Freshwater,Tilapia
24.64,7.34,3.49,20.94,Freshwater,Catfish
30.7,8.32,21.58,27.61,High Salinity,Whiteleg Shrimp
26.53,7.79,0.0,16.89,Freshwater,Tilapia
25.89,7.78,0.0,16.77,Freshwater,Tilapia
28.16,8.47,16.12,29.05,High Salinity,Milkfish
26.46,6.91,4.44,25.79,Freshwater,Catfish
32.23,7.87,16.77,30.67,High Salinity,Whiteleg Shrimp
30.01,7.7,2.25,21.53,Freshwater,Catfish
32.53,7.6,25.99,33.22,High Salinity,Milkfish
32.32,6.69,0.82,36.42,Freshwater,Catfish
28.97,8.09,5.97,30.15,Brackish,Catfish
28.0,8.18,15.12,43.34,High Salinity,Whiteleg Shrimp
27.96,7.48,4.41,27.57,Freshwater,Catfish
28.42,7.38,25.59,44.59,High Salinity,Milkfish
30.49,7.01,4.85,21.0,Freshwater,Catfish
28.8,8.26,26.07,23.84,High Salinity,Tiger Shrimp
28.46,8.19,14.06,33.95,Brackish,Milkfish
25.19,8.07,2.08,32.48,Freshwater,Catfish
29.05,8.18,1.11,17.53,Freshwater,Catfish
25.43,6.8,0.0,21.01,Freshwater,Tilapia
31.32,8.39,18.73,40.58,High Salinity,Whiteleg Shrimp
29.74,7.82,21.4,41.39,High Salinity,Whiteleg Shrimp
29.79,7.63,13.9,47.71,Brackish,Tiger Shrimp
27.14,7.34,28.89,42.97,High Salinity,Tiger Shrimp
32.75,6.57,3.38,25.18,Freshwater,Catfish
27.51,8.33,17.16,48.8,High Salinity,Tiger Shrimp
27.8,7.79,15.93,22.35,High Salinity,Whiteleg Shrimp
27.41,8.03,29.59,42.35,High Salinity,Milkfish
30.02,6.64,4.33,29.43,Freshwater,Catfish
30.4,7.2,4.46,34.35,Freshwater,Catfish
24.25,6.81,3.98,34.03,Freshwater,Catfish
29.61,7.5,28.89,34.86,High Salinity,Milkfish
28.83,8.2,15.79,31.65,High Salinity,Tiger Shrimp
30.29,7.87,34.29,33.5,High Salinity,Milkfish
29.36,6.45,6.36,37.08,Brackish,Catfish
27.39,6.45,4.84,11.18,Freshwater,Tilapia
29.88,7.98,26.33,35.45,High Salinity,Tiger Shrimp
26.52,7.97,3.21,25.17,Freshwater,Tilapia
28.24,7.52,28.12,40.11,High Salinity,Tiger Shrimp
27.84,7.35,9.93,24.72,Brackish,Milkfish
27.24,7.57,2.3,26.24,Freshwater,Tilapia
25.55,7.94,12.2,31.28,Brackish,Milkfish
31.17,8.33,28.13,43.01,High Salinity,Tiger Shrimp
27.43,7.49,18.57,21.19,High Salinity,Milkfish
31.1,7.67,21.77,22.3,High Salinity,Milkfish
28.54,7.56,2.84,10.76,Freshwater,Tilapia
28.93,6.8,2.82,42.6,Freshwater,Catfish
30.18,7.18,13.84,45.08,Brackish,Milkfish
30.14,8.42,17.76,47.08,High Salinity,Tiger Shrimp
30.56,6.92,4.97,11.42,Freshwater,Catfish
29.95,8.04,24.47,43.82,High Salinity,Whiteleg Shrimp
24.32,7.32,1.85,14.87,Freshwater,Tilapia
29.85,7.49,23.05,42.6,High Salinity,Milkfish
26.64,8.12,19.79,51.99,High Salinity,Tiger Shrimp
28.95,7.34,22.11,17.65,High Salinity,Milkfish
29.43,7.47,18.04,46.5,High Salinity,Whiteleg Shrimp
30.97,7.57,18.85,36.64,High Salinity,Tiger Shrimp
27.99,8.07,24.37,34.07,High Salinity,Tiger Shrimp
28.33,8.09,6.53,18.99,Brackish,Catfish
31.12,7.69,14.43,28.68,Brackish,Whiteleg Shrimp
26.75,7.2,9.87,30.98,Brackish,Catfish
31.38,8.5,33.54,35.11,High Salinity,Milkfish
28.95,7.99,21.56,52.61,High Salinity,Tiger Shrimp
26.97,7.57,0.54,19.96,Freshwater,Catfish
27.67,7.71,21.66,28.71,High Salinity,Milkfish
31.03,8.72,16.36,17.42,High Salinity,Whiteleg Shrimp
29.64,7.88,22.61,38.93,High Salinity,Whiteleg Shrimp
28.35,7.55,4.88,23.47,Freshwater,Catfish
27.14,7.52,29.04,39.74,High Salinity,Milkfish
28.42,7.7,17.35,23.44,High Salinity,Whiteleg Shrimp
29.75,8.28,27.37,44.27,High Salinity,Tiger Shrimp
29.67,6.77,2.56,41.68,Freshwater,Catfish
25.42,7.1,2.23,21.51,Freshwater,Tilapia
30.0,7.74,29.51,51.01,High Salinity,Tiger Shrimp
28.36,8.66,25.24,53.35,High Salinity,Tiger Shrimp
30.39,8.43,2.35,18.86,Freshwater,Tilapia
29.31,6.97,28.31,23.16,High Salinity,Milkfish
28.55,7.86,20.51,46.56,High Salinity,Milkfish
26.44,7.45,4.95,12.42,Freshwater,Tilapia
28.46,7.64,5.31,38.57,Brackish,Catfish
30.08,7.18,21.62,40.42,High Salinity,Milkfish
25.14,7.93,0.0,26.35,Freshwater,Catfish
30.74,6.79,0.02,22.51,Freshwater,Catfish
31.34,7.66,18.99,41.26,High Salinity,Milkfish
27.12,6.96,5.46,31.14,Brackish,Catfish
30.28,7.32,28.19,37.38,High Salinity,Milkfish
31.0,7.56,26.0,39.01,High Salinity,Whiteleg Shrimp
29.96,8.39,22.62,51.58,High Salinity,Whiteleg Shrimp
27.79,8.23,23.69,38.41,High Salinity,Milkfish
26.94,7.61,4.22,30.32,Freshwater,Catfish
29.21,8.33,12.66,46.92,Brackish,Milkfish
25.51,6.43,2.67,43.9,Freshwater,Catfish
25.13,7.99,0.71,29.41,Freshwater,Catfish
30.13,7.96,23.09,29.19,High Salinity,Whiteleg Shrimp
29.04,7.86,19.54,41.0,High Salinity,Whiteleg Shrimp
27.09,8.16,2.76,22.77,Freshwater,Tilapia
25.5,7.41,4.98,28.6,Freshwater,Tilapia
28.06,8.02,25.19,41.43,High Salinity,Milkfish
26.71,8.01,28.99,25.49,High Salinity,Milkfish
28.33,7.98,30.11,27.92,High Salinity,Tiger Shrimp
27.8,6.88,34.06,18.62,High Salinity,Milkfish
28.81,7.71,30.6,46.64,High Salinity,Tiger Shrimp
30.16,8.53,16.73,43.88,High Salinity,Whiteleg Shrimp
30.84,7.82,26.12,42.19,High Salinity,Milkfish
26.83,8.24,30.91,22.65,High Salinity,Milkfish
27.41,7.61,25.26,32.87,High Salinity,Tiger Shrimp
27.42,7.83,2.92,19.53,Freshwater,Catfish
27.84,7.74,32.23,32.04,High Salinity,Milkfish
28.89,7.35,0.67,35.62,Freshwater,Catfish
30.9,8.11,18.73,45.34,High Salinity,Whiteleg Shrimp
27.74,7.87,1.78,23.94,Freshwater,Tilapia
27.73,7.79,23.22,46.59,High Salinity,Tiger Shrimp
23.98,7.11,4.52,27.1,Freshwater,Tilapia
31.22,7.88,21.88,26.42,High Salinity,Whiteleg Shrimp
29.02,8.3,17.66,36.87,High Salinity,Whiteleg Shrimp
26.59,7.42,28.16,40.58,High Salinity,Tiger Shrimp
28.88,8.37,30.34,35.04,High Salinity,Tiger Shrimp
24.85,6.99,0.33,29.3,Freshwater,Tilapia
31.33,8.27,24.0,28.53,High Salinity,Whiteleg Shrimp
30.77,6.9,33.1,29.57,High Salinity,Milkfish
30.36,7.68,17.36,53.58,High Salinity,Whiteleg Shrimp
30.14,7.8,26.28,35.7,High Salinity,Tiger Shrimp
27.11,7.37,1.9,37.21,Freshwater,Catfish
29.5,8.39,18.63,32.78,High Salinity,Whiteleg Shrimp
29.39,7.74,2.51,24.98,Freshwater,Tilapia
27.98,8.16,2.37,23.66,Freshwater,Tilapia
27.49,8.61,18.73,52.76,High Salinity,Tiger Shrimp
28.26,7.04,0.19,28.92,Freshwater,Catfish
29.83,8.57,4.94,9.59,Freshwater,Tilapia
29.5,8.08,19.55,32.23,High Salinity,Tiger Shrimp
25.0,6.37,3.86,7.27,Freshwater,Tilapia
26.16,6.94,3.27,15.77,Freshwater,Catfish
27.69,8.41,15.55,42.14,High Salinity,Tiger Shrimp
29.38,7.9,14.94,24.94,Brackish,Whiteleg Shrimp
28.0,7.33,13.81,41.64,Brackish,Milkfish
29.14,7.83,20.6,35.41,High Salinity,Whiteleg Shrimp
30.42,7.55,14.4,23.29,Brackish,Whiteleg Shrimp
29.43,8.05,5.65,26.4,Brackish,Catfish
24.73,7.03,5.04,41.21,Brackish,Catfish
25.81,7.58,33.02,19.94,High Salinity,Milkfish
31.47,7.21,19.01,24.96,High Salinity,Milkfish
29.87,7.57,25.58,29.09,High Salinity,Tiger Shrimp
29.07,7.95,19.44,20.23,High Salinity,Whiteleg Shrimp
30.08,7.96,22.57,27.78,High Salinity,Milkfish
27.91,8.0,25.75,28.02,High Salinity,Tiger Shrimp
28.63,7.99,7.3,16.44,Brackish,Catfish
28.83,7.87,32.0,39.21,High Salinity,Milkfish
28.22,7.94,7.01,11.26,Brackish,Catfish
30.73,7.52,18.65,33.91,High Salinity,Whiteleg Shrimp
29.1,7.51,34.68,39.72,High Salinity,Milkfish
27.52,7.84,23.37,33.6,High Salinity,Tiger Shrimp
29.9,7.5,30.07,54.2,High Salinity,Tiger Shrimp
23.75,8.42,3.79,17.08,Freshwater,Tilapia
27.95,8.18,6.79,26.6,Brackish,Catfish
25.42,6.87,3.75,20.49,Freshwater,Tilapia
30.37,7.2,5.31,21.18,Brackish,Catfish
29.23,7.89,21.91,45.91,High Salinity,Tiger Shrimp
29.04,7.99,6.63,21.93,Brackish,Tilapia
29.56,7.58,5.22,28.09,Brackish,Tilapia
29.24,8.47,15.97,31.45,High Salinity,Tiger Shrimp
32.15,7.96,7.98,32.22,Brackish,Catfish
29.95,8.24,20.43,56.66,High Salinity,Tiger Shrimp
28.59,6.85,13.64,23.43,Brackish,Milkfish
30.75,7.59,19.13,49.76,High Salinity,Whiteleg Shrimp
30.59,8.27,24.21,30.85,High Salinity,Whiteleg Shrimp
29.16,8.08,3.91,11.5,Freshwater,Tilapia
27.43,7.98,23.88,35.03,High Salinity,Tiger Shrimp
26.04,7.06,2.73,35.8,Freshwater,Catfish
27.94,8.06,23.2,45.01,High Salinity,Tiger Shrimp
28.19,8.35,21.09,24.73,High Salinity,Milkfish
26.86,7.5,31.68,25.34,High Salinity,Milkfish
30.39,8.62,33.89,28.11,High Salinity,Milkfish
28.56,7.09,0.39,24.31,Freshwater,Catfish
29.41,8.27,24.62,26.93,High Salinity,Whiteleg Shrimp
24.94,7.57,5.8,22.16,Brackish,Tilapia
29.13,7.38,0.0,23.87,Freshwater,Catfish
29.05,7.36,17.64,26.61,High Salinity,Whiteleg Shrimp
29.02,7.16,0.0,17.98,Freshwater,Tilapia
29.48,7.57,16.28,35.45,High Salinity,Tiger Shrimp
29.67,7.78,19.96,41.66,High Salinity,Tiger Shrimp
29.0,6.71,4.0,9.07,Freshwater,Tilapia
29.43,7.63,19.95,39.74,High Salinity,Whiteleg Shrimp
27.58,7.83,15.61,57.8,High Salinity,Tiger Shrimp
28.81,7.43,3.8,23.57,Freshwater,Tilapia
31.91,7.55,16.1,42.68,High Salinity,Whiteleg Shrimp
24.54,7.02,4.38,12.11,Freshwater,Tilapia
30.08,8.04,18.53,46.89,High Salinity,Whiteleg Shrimp
30.28,7.79,2.63,11.73,Freshwater,Tilapia
24.16,7.27,1.96,9.38,Freshwater,Tilapia
29.14,7.5,21.84,37.74,High Salinity,Whiteleg Shrimp
28.85,6.7,5.54,30.51,Brackish,Tilapia
29.26,8.03,16.49,22.05,High Salinity,Milkfish
28.07,7.78,21.48,47.72,High Salinity,Tiger Shrimp
30.43,7.53,18.73,40.89,High Salinity,Milkfish
26.01,7.49,3.38,21.08,Freshwater,Catfish
30.22,6.61,8.0,22.71,Brackish,Catfish
27.22,7.81,23.8,49.88,High Salinity,Tiger Shrimp
27.61,7.99,25.01,45.64,High Salinity,Tiger Shrimp
30.87,7.73,2.52,24.3,Freshwater,Catfish
30.38,6.69,2.26,29.26,Freshwater,Tilapia
30.44,7.8,2.76,16.41,Freshwater,Catfish
31.22,8.22,21.69,28.56,High Salinity,Whiteleg Shrimp
30.44,7.93,25.04,31.77,High Salinity,Tiger Shrimp
27.22,8.18,22.88,25.58,High Salinity,Milkfish
30.24,7.81,22.61,25.47,High Salinity,Whiteleg Shrimp
25.68,6.79,3.87,34.0,Freshwater,Catfish
27.4,8.18,1.75,14.73,Freshwater,Catfish
29.23,8.08,29.65,37.3,High Salinity,Tiger Shrimp
27.78,7.37,11.49,37.82,Brackish,Milkfish
23.88,8.02,0.0,15.51,Freshwater,Tilapia
30.41,6.79,5.55,20.71,Brackish,Catfish
24.41,7.28,3.49,17.77,Freshwater,Tilapia
24.24,8.0,1.2,20.14,Freshwater,Tilapia
24.76,8.04,1.78,24.17,Freshwater,Tilapia
30.62,7.17,0.0,28.82,Freshwater,Catfish
30.12,7.56,32.03,38.41,High Salinity,Milkfish
28.92,7.56,1.06,36.69,Freshwater,Catfish
28.06,8.36,16.92,56.27,High Salinity,Tiger Shrimp
29.29,7.77,14.92,38.9,Brackish,Tiger Shrimp
25.51,8.29,2.65,10.35,Freshwater,Tilapia
25.36,6.87,3.32,12.62,Freshwater,Tilapia
30.68,8.45,21.01,34.04,High Salinity,Whiteleg Shrimp
29.68,8.01,0.56,26.01,Freshwater,Tilapia
26.05,8.19,1.6,28.97,Freshwater,Tilapia
27.89,7.03,12.53,23.79,Brackish,Milkfish
29.17,6.76,6.47,35.46,Brackish,Catfish
32.8,7.6,7.96,37.48,Brackish,Catfish
29.17,8.44,12.08,49.29,Brackish,Milkfish
24.86,8.29,2.41,14.12,Freshwater,Tilapia
25.68,6.75,6.07,22.03,Brackish,Catfish
30.62,7.46,3.79,17.87,Freshwater,Catfish
29.5,6.6,6.54,22.15,Brackish,Catfish
29.38,7.21,17.64,43.87,High Salinity,Milkfish
30.41,7.36,29.6,28.1,High Salinity,Tiger Shrimp
30.53,8.07,29.0,40.01,High Salinity,Tiger Shrimp
24.57,7.74,1.6,11.55,Freshwater,Tilapia
29.33,7.48,17.17,39.49,High Salinity,Tiger Shrimp
26.71,7.59,11.24,24.72,Brackish,Milkfish
31.99,8.23,24.24,37.33,High Salinity,Milkfish
29.42,8.14,22.33,32.02,High Salinity,Tiger Shrimp
29.8,7.41,1.03,20.45,Freshwater,Catfish
29.54,6.63,5.78,32.43,Brackish,Tilapia
29.15,8.74,17.06,42.66,High Salinity,Whiteleg Shrimp
25.64,6.89,2.36,38.98,Freshwater,Catfish
27.49,7.73,0.75,20.09,Freshwater,Catfish
29.02,7.63,22.75,32.96,High Salinity,Whiteleg Shrimp
27.29,7.2,4.39,13.16,Freshwater,Catfish
28.15,7.62,17.05,29.71,High Salinity,Whiteleg Shrimp
28.82,7.95,20.49,21.06,High Salinity,Whiteleg Shrimp
28.74,8.45,15.78,43.69,High Salinity,Whiteleg Shrimp
29.14,8.03,24.39,29.79,High Salinity,Milkfish
29.62,6.32,0.0,23.38,Freshwater,Catfish
28.67,8.63,18.73,30.23,High Salinity,Whiteleg Shrimp
27.8,7.68,22.11,42.27,High Salinity,Tiger Shrimp
26.54,6.55,1.81,20.24,Freshwater,Tilapia
30.8,6.75,4.7,18.43,Freshwater,Tilapia
30.83,7.4,0.79,11.73,Freshwater,Catfish
27.96,7.52,8.1,39.63,Brackish,Catfish
27.82,7.42,20.72,32.38,High Salinity,Tiger Shrimp
32.06,7.99,22.51,28.93,High Salinity,Whiteleg Shrimp
29.77,6.96,4.92,33.04,Freshwater,Catfish
28.78,7.33,2.23,18.56,Freshwater,Tilapia
25.23,7.81,24.98,18.85,High Salinity,Milkfish
28.2,7.11,0.76,21.3,Freshwater,Tilapia
31.31,8.52,13.24,31.83,Brackish,Milkfish
27.91,8.39,27.22,52.99,High Salinity,Tiger Shrimp
27.67,6.84,5.4,10.92,Brackish,Tilapia
28.96,8.03,33.9,47.05,High Salinity,Milkfish
30.58,7.98,23.55,27.28,High Salinity,Whiteleg Shrimp
29.11,7.21,34.78,19.04,High Salinity,Milkfish
29.16,8.44,20.79,39.69,High Salinity,Tiger Shrimp
31.83,8.02,20.84,38.36,High Salinity,Milkfish
26.77,7.69,27.19,24.05,High Salinity,Tiger Shrimp
29.38,8.1,15.28,36.42,High Salinity,Milkfish
25.68,6.33,3.01,23.29,Freshwater,Tilapia
28.66,6.67,0.0,23.95,Freshwater,Tilapia
26.91,8.04,2.01,24.83,Freshwater,Tilapia
31.07,7.01,3.6,33.11,Freshwater,Catfish
29.61,8.33,21.79,39.99,High Salinity,Whiteleg Shrimp
27.75,7.38,24.2,46.29,High Salinity,Milkfish
32.22,7.44,6.66,17.89,Brackish,Catfish
29.76,6.93,25.03,23.91,High Salinity,Milkfish
27.67,6.88,4.23,32.0,Freshwater,Catfish
28.81,8.5,23.11,36.67,High Salinity,Tiger Shrimp
30.85,8.21,17.25,51.56,High Salinity,Whiteleg Shrimp
29.47,7.95,19.6,39.4,High Salinity,Whiteleg Shrimp
27.46,7.07,0.0,24.18,Freshwater,Catfish
30.65,8.25,21.82,50.82,High Salinity,Whiteleg Shrimp
30.2,7.23,5.18,26.34,Brackish,Catfish
27.99,6.81,5.55,33.88,Brackish,Tilapia
30.84,6.74,3.65,24.57,Freshwater,Tilapia
28.95,7.73,1.07,22.72,Freshwater,Catfish
29.57,8.25,22.06,35.16,High Salinity,Tiger Shrimp
27.57,7.55,16.4,30.11,High Salinity,Tiger Shrimp
31.32,7.44,16.49,27.45,High Salinity,Milkfish
30.62,8.11,22.98,43.11,High Salinity,Tiger Shrimp
28.65,7.9,17.14,36.4,High Salinity,Whiteleg Shrimp
29.9,7.81,27.13,24.2,High Salinity,Milkfish
26.36,8.62,26.05,33.09,High Salinity,Tiger Shrimp
25.55,7.33,0.46,25.95,Freshwater,Catfish
31.11,7.97,4.5,26.14,Freshwater,Catfish
23.49,7.04,1.36,19.21,Freshwater,Tilapia
30.4,8.46,24.86,20.16,High Salinity,Milkfish
30.89,7.93,6.55,39.13,Brackish,Catfish
24.5,7.35,5.39,16.2,Brackish,Catfish
27.68,8.46,19.04,49.29,High Salinity,Tiger Shrimp
30.72,8.1,22.48,33.09,High Salinity,Whiteleg Shrimp
25.99,7.58,1.56,24.35,Freshwater,Catfish
31.14,8.02,14.59,29.05,Brackish,Tiger Shrimp
28.98,8.09,11.65,38.09,Brackish,Milkfish
28.2,7.76,14.91,39.6,Brackish,Tiger Shrimp
29.36,7.76,18.03,40.7,High Salinity,Whiteleg Shrimp
26.6,7.46,26.36,30.77,High Salinity,Tiger Shrimp
28.87,8.06,21.9,43.01,High Salinity,Tiger Shrimp
30.47,8.41,27.59,44.84,High Salinity,Tiger Shrimp
25.44,8.08,4.55,24.81,Freshwater,Tilapia
26.26,6.92,5.92,27.7,Brackish,Catfish
30.42,8.19,22.15,34.67,High Salinity,Whiteleg Shrimp
29.04,7.76,11.61,33.13,Brackish,Milkfish
31.05,7.64,0.0,35.66,Freshwater,Catfish
29.5,7.57,17.12,48.67,High Salinity,Tiger Shrimp
32.11,8.32,21.83,21.43,High Salinity,Whiteleg Shrimp
29.97,7.94,20.71,42.35,High Salinity,Whiteleg Shrimp
27.95,8.16,10.97,31.16,Brackish,Milkfish
29.33,7.32,8.3,14.14,Brackish,Catfish
31.52,8.23,24.74,30.12,High Salinity,Whiteleg Shrimp
28.85,8.4,14.1,25.3,Brackish,Whiteleg Shrimp
29.34,7.77,24.06,26.61,High Salinity,Whiteleg Shrimp
31.23,7.71,6.87,30.53,Brackish,Catfish
31.2,8.23,18.13,35.8,High Salinity,Milkfish
31.02,8.23,17.38,44.18,High Salinity,Whiteleg Shrimp
30.23,8.03,23.5,36.45,High Salinity,Whiteleg Shrimp
28.56,6.69,0.0,26.99,Freshwater,Catfish
23.72,8.54,3.32,23.48,Freshwater,Tilapia
29.59,8.48,16.13,29.95,High Salinity,Whiteleg Shrimp
29.55,8.01,13.43,36.44,Brackish,Whiteleg Shrimp
25.24,6.94,4.0,26.37,Freshwater,Catfish
29.19,7.4,20.99,28.53,High Salinity,Milkfish
27.29,8.28,31.06,39.14,High Salinity,Tiger Shrimp
30.91,8.03,33.87,27.09,High Salinity,Milkfish
28.76,7.82,18.46,45.62,High Salinity,Tiger Shrimp
30.43,8.62,21.01,48.1,High Salinity,Whiteleg Shrimp
27.09,6.77,0.35,18.5,Freshwater,Tilapia
31.03,7.27,21.43,30.83,High Salinity,Tiger Shrimp
28.11,8.12,29.11,48.51,High Salinity,Tiger Shrimp
28.11,7.53,29.34,33.36,High Salinity,Milkfish
27.49,7.17,26.65,40.49,High Salinity,Milkfish
28.5,8.25,23.16,42.38,High Salinity,Tiger Shrimp
24.71,7.76,2.08,40.21,Freshwater,Catfish
30.33,7.94,26.97,20.2,High Salinity,Milkfish
25.34,7.56,0.26,29.27,Freshwater,Tilapia
27.92,7.38,23.67,35.1,High Salinity,Tiger Shrimp
26.74,7.82,9.19,23.8,Brackish,Catfish
28.66,7.4,0.77,23.23,Freshwater,Tilapia
29.27,7.49,18.29,29.42,High Salinity,Tiger Shrimp
28.25,6.61,0.91,39.67,Freshwater,Catfish
28.86,8.09,27.59,45.09,High Salinity,Tiger Shrimp
30.64,7.53,24.53,32.33,High Salinity,Whiteleg Shrimp
29.01,7.84,23.96,39.51,High Salinity,Whiteleg Shrimp
26.92,7.12,6.56,6.7,Brackish,Tilapia
27.68,7.89,28.91,26.26,High Salinity,Tiger Shrimp
32.64,7.94,18.0,24.74,High Salinity,Milkfish
29.73,7.88,18.66,47.41,High Salinity,Tiger Shrimp
26.12,7.05,5.2,30.58,Brackish,Catfish
27.42,7.85,30.1,25.36,High Salinity,Tiger Shrimp
25.72,6.82,2.56,28.61,Freshwater,Catfish
27.1,6.32,4.68,23.65,Freshwater,Catfish
27.78,7.26,0.0,35.85,Freshwater,Catfish
25.84,6.85,1.1,16.21,Freshwater,Tilapia
30.56,8.61,27.22,32.38,High Salinity,Tiger Shrimp
28.97,7.57,19.74,34.8,High Salinity,Milkfish
27.07,7.87,24.09,38.94,High Salinity,Milkfish
29.12,8.2,22.13,44.89,High Salinity,Tiger Shrimp
30.86,7.39,23.19,23.48,High Salinity,Whiteleg Shrimp
28.35,8.21,16.26,21.9,High Salinity,Milkfish
30.51,7.69,24.4,30.14,High Salinity,Whiteleg Shrimp
30.68,7.81,18.08,48.14,High Salinity,Whiteleg Shrimp
31.06,7.58,16.76,45.53,High Salinity,Milkfish
25.5,6.72,1.91,10.66,Freshwater,Tilapia
31.33,8.06,4.7,11.85,Freshwater,Catfish
28.57,7.27,6.24,31.47,Brackish,Catfish
31.5,7.44,20.53,25.22,High Salinity,Tiger Shrimp
32.04,7.13,5.65,21.23,Brackish,Catfish
30.04,7.47,19.86,33.53,High Salinity,Whiteleg Shrimp
23.07,7.27,3.57,19.73,Freshwater,Tilapia
29.4,7.64,6.54,30.11,Brackish,Catfish
28.34,7.76,1.94,23.85,Freshwater,Tilapia
30.81,7.59,17.69,43.61,High Salinity,Whiteleg Shrimp
31.04,7.73,25.18,29.07,High Salinity,Milkfish
29.99,7.63,19.91,37.18,High Salinity,Whiteleg Shrimp
29.84,8.26,19.64,36.55,High Salinity,Tiger Shrimp
29.74,6.78,0.0,29.65,Freshwater,Tilapia
25.63,7.08,5.69,10.92,Brackish,Tilapia
30.28,7.4,24.74,26.63,High Salinity,Milkfish
31.73,7.8,16.93,22.83,High Salinity,Milkfish
29.31,8.06,23.69,43.85,High Salinity,Whiteleg Shrimp
27.44,7.78,26.19,25.74,High Salinity,Milkfish
31.26,7.37,2.19,30.43,Freshwater,Catfish
28.47,8.46,15.28,43.9,High Salinity,Milkfish
31.63,7.38,19.11,24.58,High Salinity,Whiteleg Shrimp
25.53,8.21,0.87,20.88,Freshwater,Tilapia
29.11,6.74,0.31,30.32,Freshwater,Tilapia
29.16,8.01,5.67,11.98,Brackish,Tilapia
29.32,7.02,6.38,33.69,Brackish,Catfish
30.21,6.34,2.53,32.84,Freshwater,Catfish
30.26,8.08,31.06,23.01,High Salinity,Tiger Shrimp
27.78,7.79,16.06,37.93,High Salinity,Whiteleg Shrimp
31.22,7.55,25.18,25.69,High Salinity,Whiteleg Shrimp
32.25,7.76,1.61,33.02,Freshwater,Catfish
27.35,7.31,27.66,40.35,High Salinity,Tiger Shrimp
26.65,8.11,4.04,15.91,Freshwater,Tilapia
26.79,6.38,1.31,15.59,Freshwater,Tilapia
27.42,6.75,2.57,17.98,Freshwater,Tilapia
26.98,7.25,19.06,33.13,High Salinity,Milkfish
28.19,7.6,3.14,27.29,Freshwater,Catfish
26.56,7.09,26.55,27.58,High Salinity,Milkfish
30.91,8.2,21.3,35.49,High Salinity,Whiteleg Shrimp
28.52,8.18,24.58,51.6,High Salinity,Tiger Shrimp
30.24,6.75,2.44,29.31,Freshwater,Catfish
29.3,6.46,3.53,18.13,Freshwater,Tilapia
28.58,7.81,27.01,49.94,High Salinity,Tiger Shrimp
24.33,8.64,2.93,15.64,Freshwater,Tilapia
27.52,8.58,28.06,41.89,High Salinity,Tiger Shrimp
28.54,7.99,34.39,41.5,High Salinity,Milkfish
27.79,8.47,17.71,41.58,High Salinity,Milkfish
27.96,6.89,2.35,10.07,Freshwater,Tilapia
30.15,8.42,21.9,55.27,High Salinity,Tiger Shrimp
25.13,6.88,0.0,16.6,Freshwater,Catfish
26.51,6.46,0.0,20.31,Freshwater,Tilapia
25.98,7.59,26.65,27.66,High Salinity,Milkfish
31.13,8.02,19.66,39.23,High Salinity,Tiger Shrimp
31.04,8.36,19.75,32.56,High Salinity,Whiteleg Shrimp
29.21,8.12,20.97,37.76,High Salinity,Whiteleg Shrimp
29.99,7.48,3.91,13.28,Freshwater,Tilapia
29.82,7.06,5.53,40.53,Brackish,Catfish
31.5,8.52,16.66,45.24,High Salinity,Tiger Shrimp
31.05,7.66,22.65,24.64,High Salinity,Whiteleg Shrimp
27.56,7.56,24.95,28.15,High Salinity,Milkfish
28.37,7.49,26.33,25.51,High Salinity,Tiger Shrimp
27.5,7.97,27.07,28.76,High Salinity,Milkfish
29.05,7.05,6.67,35.28,Brackish,Catfish
28.22,7.68,26.09,32.27,High Salinity,Tiger Shrimp
30.76,8.19,18.24,31.7,High Salinity,Whiteleg Shrimp
27.94,7.97,1.55,27.82,Freshwater,Tilapia
29.85,7.1,4.5,17.67,Freshwater,Tilapia
29.41,7.47,5.17,28.31,Brackish,Catfish
26.32,7.76,9.43,34.84,Brackish,Milkfish
27.01,7.64,28.61,25.91,High Salinity,Milkfish
27.75,8.02,28.34,51.3,High Salinity,Tiger Shrimp
31.16,8.2,16.99,54.39,High Salinity,Tiger Shrimp
31.06,7.57,19.98,39.49,High Salinity,Tiger Shrimp
28.38,8.36,19.7,29.71,High Salinity,Tiger Shrimp
30.14,7.5,16.59,37.81,High Salinity,Whiteleg Shrimp
27.44,7.9,32.85,23.58,High Salinity,Milkfish
28.22,7.58,25.73,27.15,High Salinity,Whiteleg Shrimp
27.72,7.64,0.0,17.19,Freshwater,Tilapia
31.17,8.29,22.03,36.36,High Salinity,Whiteleg Shrimp
31.01,7.92,18.45,31.85,High Salinity,Whiteleg Shrimp
28.43,8.01,15.08,35.49,High Salinity,Milkfish
31.22,7.87,2.81,26.64,Freshwater,Catfish
27.79,6.48,0.79,14.65,Freshwater,Tilapia
30.94,7.54,0.24,17.87,Freshwater,Catfish
31.1,7.45,27.06,45.25,High Salinity,Tiger Shrimp
25.72,6.99,8.81,21.62,Brackish,Catfish
29.81,8.14,26.3,41.92,High Salinity,Tiger Shrimp
26.53,7.18,0.92,26.78,Freshwater,Tilapia
27.37,7.36,2.47,34.78,Freshwater,Catfish
27.44,8.32,27.34,51.15,High Salinity,Tiger Shrimp
29.34,8.02,25.06,41.47,High Salinity,Whiteleg Shrimp
27.76,8.35,1.93,6.69,Freshwater,Tilapia
32.5,7.84,24.7,41.02,High Salinity,Whiteleg Shrimp
29.35,7.48,1.02,38.51,Freshwater,Catfish
31.03,7.49,18.48,41.18,High Salinity,Whiteleg Shrimp
27.94,8.56,15.47,28.02,High Salinity,Milkfish
28.31,8.18,5.8,27.73,Brackish,Tilapia
31.12,7.85,24.21,49.04,High Salinity,Tiger Shrimp
29.06,7.94,4.36,23.64,Freshwater,Tilapia
29.82,8.63,14.37,26.11,Brackish,Whiteleg Shrimp
29.08,8.48,29.53,38.54,High Salinity,Milkfish
29.25,6.69,2.55,13.42,Freshwater,Tilapia
30.55,7.83,18.81,26.7,High Salinity,Whiteleg Shrimp
26.45,8.11,4.56,13.35,Freshwater,Tilapia
27.94,7.63,20.21,34.0,High Salinity,Tiger Shrimp
31.47,8.18,21.51,17.9,High Salinity,Whiteleg Shrimp
29.08,7.96,23.4,50.16,High Salinity,Tiger Shrimp
27.67,7.72,28.17,44.71,High Salinity,Tiger Shrimp
31.18,7.07,1.14,20.21,Freshwater,Catfish
29.68,7.76,6.4,40.62,Brackish,Catfish
27.11,6.93,7.77,41.71,Brackish,Catfish
30.18,6.81,3.97,24.44,Freshwater,Catfish
29.93,8.71,23.09,39.88,High Salinity,Tiger Shrimp
25.71,7.61,6.05,20.91,Brackish,Tilapia
30.09,8.15,20.04,32.45,High Salinity,Whiteleg Shrimp
28.76,8.42,19.93,31.45,High Salinity,Whiteleg Shrimp
27.71,7.35,1.77,12.68,Freshwater,Tilapia
26.96,8.12,5.86,17.88,Brackish,Tilapia
29.29,7.9,29.24,54.6,High Salinity,Tiger Shrimp
30.26,7.95,1.87,21.54,Freshwater,Tilapia
28.06,8.22,0.79,21.6,Freshwater,Tilapia
28.46,8.39,23.88,37.38,High Salinity,Whiteleg Shrimp
29.34,7.96,20.55,53.83,High Salinity,Whiteleg Shrimp
29.16,8.08,17.86,23.59,High Salinity,Whiteleg Shrimp
27.25,7.25,14.05,42.42,Brackish,Milkfish
24.36,7.54,1.24,20.68,Freshwater,Catfish
24.75,6.71,4.02,24.63,Freshwater,Catfish
27.45,8.29,26.23,32.35,High Salinity,Tiger Shrimp
29.04,8.01,4.8,30.97,Freshwater,Catfish
27.66,6.8,3.25,25.65,Freshwater,Tilapia
26.68,6.94,0.0,21.32,Freshwater,Tilapia
30.25,7.72,26.58,46.63,High Salinity,Tiger Shrimp
31.6,7.25,3.44,32.28,Freshwater,Catfish
32.3,7.13,16.55,23.42,High Salinity,Milkfish
29.64,8.29,25.74,33.02,High Salinity,Tiger Shrimp
29.58,8.43,1.94,17.99,Freshwater,Tilapia
27.71,7.92,8.14,20.1,Brackish,Catfish
30.59,8.02,20.91,21.79,High Salinity,Whiteleg Shrimp
29.98,7.39,4.02,17.44,Freshwater,Catfish
26.17,6.65,0.34,22.44,Freshwater,Tilapia
26.62,7.37,4.44,28.28,Freshwater,Catfish
28.93,7.97,17.7,30.7,High Salinity,Whiteleg Shrimp
30.08,8.12,24.88,35.32,High Salinity,Whiteleg Shrimp
28.93,8.41,14.82,47.11,Brackish,Whiteleg Shrimp
31.91,7.74,24.31,46.42,High Salinity,Whiteleg Shrimp
26.12,8.16,33.32,47.29,High Salinity,Milkfish
30.99,7.86,21.23,39.7,High Salinity,Tiger Shrimp
29.08,7.18,0.47,21.66,Freshwater,Tilapia
29.0,7.4,18.69,27.72,High Salinity,Milkfish
30.05,7.94,0.06,26.59,Freshwater,Catfish
24.93,6.73,3.94,13.14,Freshwater,Tilapia
26.81,6.66,4.45,18.99,Freshwater,Catfish
25.44,6.89,3.46,23.1,Freshwater,Tilapia
30.92,8.32,13.93,31.88,Brackish,Whiteleg Shrimp
25.87,6.68,2.51,26.5,Freshwater,Tilapia
30.96,8.1,22.13,30.56,High Salinity,Milkfish
26.25,6.48,3.66,13.42,Freshwater,Catfish
28.47,7.57,23.01,30.67,High Salinity,Milkfish
28.61,7.89,24.48,38.49,High Salinity,Whiteleg Shrimp
27.15,6.84,3.43,27.85,Freshwater,Catfish
26.69,7.08,8.4,36.64,Brackish,Catfish
25.87,7.24,2.2,9.24,Freshwater,Tilapia
24.09,6.32,4.33,20.79,Freshwater,Tilapia
29.71,7.92,16.92,23.92,High Salinity,Whiteleg Shrimp
25.5,7.66,6.2,20.76,Brackish,Tilapia
28.76,8.24,23.49,34.98,High Salinity,Whiteleg Shrimp
30.64,7.81,20.77,35.4,High Salinity,Whiteleg Shrimp
31.51,7.61,24.18,38.33,High Salinity,Whiteleg Shrimp
28.17,6.72,2.66,35.19,Freshwater,Catfish
24.95,6.73,3.42,15.45,Freshwater,Tilapia
27.59,8.7,15.45,27.14,High Salinity,Milkfish
30.71,6.6,3.65,23.67,Freshwater,Catfish
31.2,6.76,0.07,33.5,Freshwater,Catfish
28.27,7.16,33.83,26.08,High Salinity,Milkfish
28.98,7.68,4.08,32.18,Freshwater,Catfish
28.47,8.32,26.13,48.15,High Salinity,Tiger Shrimp
29.83,7.52,23.9,30.82,High Salinity,Milkfish
25.34,7.43,1.05,17.4,Freshwater,Tilapia
30.69,7.41,21.01,24.39,High Salinity,Whiteleg Shrimp
31.32,8.1,15.13,37.14,High Salinity,Tiger Shrimp
28.83,6.94,6.1,36.07,Brackish,Catfish
31.01,7.55,20.48,17.95,High Salinity,Whiteleg Shrimp
27.65,7.02,5.85,30.61,Brackish,Catfish
31.02,7.49,25.88,30.08,High Salinity,Whiteleg Shrimp
29.18,7.8,4.17,23.57,Freshwater,Catfish
29.22,8.07,23.56,45.16,High Salinity,Whiteleg Shrimp
26.62,7.24,4.65,25.48,Freshwater,Tilapia
29.2,8.67,23.41,29.56,High Salinity,Whiteleg Shrimp
31.86,8.1,16.52,44.49,High Salinity,Whiteleg Shrimp
27.95,7.21,0.24,22.27,Freshwater,Tilapia
30.8,7.87,28.74,31.01,High Salinity,Tiger Shrimp
29.21,8.26,17.81,29.6,High Salinity,Milkfish
26.17,7.17,0.0,19.28,Freshwater,Tilapia
29.47,7.75,22.96,19.18,High Salinity,Whiteleg Shrimp
26.76,7.09,0.26,8.94,Freshwater,Tilapia
29.45,7.28,22.39,43.74,High Salinity,Milkfish
26.57,8.34,5.98,26.13,Brackish,Tilapia
29.43,7.89,16.24,22.57,High Salinity,Milkfish
30.38,6.52,9.4,37.93,Brackish,Catfish
24.91,6.91,5.5,36.4,Brackish,Catfish
24.47,7.39,3.81,29.56,Freshwater,Catfish
32.26,8.59,17.18,32.22,High Salinity,Whiteleg Shrimp
23.16,8.67,3.77,14.64,Freshwater,Tilapia
26.13,7.88,18.42,41.44,High Salinity,Milkfish
27.25,7.67,6.39,26.14,Brackish,Catfish
26.63,8.18,19.74,41.15,High Salinity,Milkfish
26.63,6.86,16.07,29.38,High Salinity,Milkfish
27.0,7.33,4.56,10.18,Freshwater,Tilapia
24.23,8.22,2.26,31.73,Freshwater,Tilapia
29.1,8.61,21.53,22.66,High Salinity,Whiteleg Shrimp
29.9,8.37,16.28,46.51,High Salinity,Whiteleg Shrimp
25.36,7.62,2.31,22.31,Freshwater,Tilapia
28.71,7.64,19.8,38.22,High Salinity,Whiteleg Shrimp
26.2,8.08,35.4,34.85,High Salinity,Milkfish
26.94,7.64,2.76,34.24,Freshwater,Catfish
32.19,7.79,13.32,35.81,Brackish,Milkfish
27.8,8.48,10.97,28.42,Brackish,Milkfish
27.74,7.92,21.66,39.41,High Salinity,Tiger Shrimp
26.14,8.05,5.34,18.99,Brackish,Catfish
29.15,7.37,21.17,44.55,High Salinity,Tiger Shrimp
29.66,8.33,16.21,47.43,High Salinity,Whiteleg Shrimp
28.62,8.13,29.88,42.84,High Salinity,Tiger Shrimp
29.71,7.78,15.34,43.2,High Salinity,Whiteleg Shrimp
30.28,7.54,22.35,34.57,High Salinity,Whiteleg Shrimp
25.01,7.3,4.78,39.44,Freshwater,Catfish
26.15,7.08,2.06,15.63,Freshwater,Catfish
26.63,7.37,3.47,36.71,Freshwater,Catfish
29.25,8.19,20.69,45.98,High Salinity,Whiteleg Shrimp
26.43,6.68,4.67,27.6,Freshwater,Catfish
24.43,8.18,2.87,25.0,Freshwater,Tilapia
28.61,7.46,14.55,23.26,Brackish,Milkfish
28.5,6.96,3.22,25.57,Freshwater,Tilapia
26.15,7.52,0.97,22.42,Freshwater,Tilapia
29.09,7.54,17.16,41.85,High Salinity,Whiteleg Shrimp
32.51,8.34,17.81,19.88,High Salinity,Whiteleg Shrimp
27.99,7.84,22.49,37.9,High Salinity,Tiger Shrimp
28.04,6.35,3.26,8.08,Freshwater,Tilapia
29.68,7.55,18.27,51.45,High Salinity,Whiteleg Shrimp
24.88,8.26,3.28,26.34,Freshwater,Tilapia
28.44,6.61,0.28,20.72,Freshwater,Catfish
27.75,8.33,31.1,29.9,High Salinity,Milkfish
25.99,6.66,2.09,13.35,Freshwater,Tilapia
28.05,6.9,7.39,27.16,Brackish,Catfish
28.32,7.59,21.7,56.78,High Salinity,Tiger Shrimp
29.79,8.09,20.65,46.51,High Salinity,Whiteleg Shrimp
27.33,7.31,16.07,39.39,High Salinity,Milkfish
25.92,7.09,1.2,18.98,Freshwater,Catfish
27.33,7.93,19.31,29.76,High Salinity,Milkfish
23.33,6.51,4.37,22.6,Freshwater,Tilapia
30.42,7.69,16.56,47.87,High Salinity,Tiger Shrimp
30.37,6.49,4.72,21.22,Freshwater,Catfish
27.93,8.36,25.8,38.86,High Salinity,Milkfish
29.99,7.72,32.61,22.17,High Salinity,Milkfish
27.0,7.08,13.01,39.1,Brackish,Milkfish
29.86,8.23,20.34,32.49,High Salinity,Whiteleg Shrimp
31.93,8.14,29.27,37.03,High Salinity,Milkfish
31.62,7.61,1.17,36.1,Freshwater,Catfish
27.22,8.07,23.18,47.79,High Salinity,Milkfish
29.84,7.2,5.07,23.97,Brackish,Tilapia
29.97,7.91,26.15,36.02,High Salinity,Tiger Shrimp
30.14,7.85,19.08,31.48,High Salinity,Whiteleg Shrimp
27.66,7.25,23.76,52.36,High Salinity,Tiger Shrimp
29.8,7.53,4.17,21.22,Freshwater,Tilapia
29.31,7.56,22.58,36.35,High Salinity,Milkfish
29.85,7.87,27.01,46.43,High Salinity,Tiger Shrimp
24.82,6.89,2.95,23.81,Freshwater,Tilapia
30.18,7.83,23.83,38.46,High Salinity,Tiger Shrimp
26.58,7.41,2.14,20.15,Freshwater,Tilapia
27.05,7.47,2.96,16.87,Freshwater,Tilapia
28.54,8.6,20.68,41.46,High Salinity,Tiger Shrimp
29.15,7.92,4.5,21.77,Freshwater,Tilapia
29.11,8.18,23.68,53.35,High Salinity,Tiger Shrimp
25.77,8.08,0.0,27.69,Freshwater,Catfish
28.06,7.67,1.79,24.22,Freshwater,Catfish
29.11,7.74,26.75,47.28,High Salinity,Tiger Shrimp
29.87,8.28,18.35,26.97,High Salinity,Milkfish
26.53,7.47,20.09,26.03,High Salinity,Milkfish
30.26,7.6,2.45,22.27,Freshwater,Tilapia
28.38,8.43,25.47,28.85,High Salinity,Tiger Shrimp
27.26,7.83,2.07,6.83,Freshwater,Tilapia
25.22,6.95,5.22,31.34,Brackish,Catfish
30.58,8.45,22.6,47.61,High Salinity,Whiteleg Shrimp
24.09,7.68,3.34,12.9,Freshwater,Tilapia
28.36,8.76,23.46,42.31,High Salinity,Tiger Shrimp
28.9,7.58,19.63,40.49,High Salinity,Tiger Shrimp
24.36,6.8,2.65,26.07,Freshwater,Tilapia
25.11,7.45,0.0,18.13,Freshwater,Tilapia
28.39,6.68,8.9,27.21,Brackish,Catfish
30.75,7.46,18.38,37.85,High Salinity,Whiteleg Shrimp
29.63,7.56,6.34,31.82,Brackish,Catfish
27.5,8.33,26.8,42.47,High Salinity,Tiger Shrimp
31.43,7.83,21.45,29.67,High Salinity,Whiteleg Shrimp
30.75,7.82,6.21,29.25,Brackish,Catfish
28.18,8.46,18.37,28.46,High Salinity,Milkfish
30.93,7.88,14.6,52.7,Brackish,Tiger Shrimp
28.66,6.74,1.16,42.29,Freshwater,Catfish
29.87,6.91,16.33,27.88,High Salinity,Milkfish
25.35,6.56,2.52,18.84,Freshwater,Tilapia
29.42,7.73,19.4,32.25,High Salinity,Tiger Shrimp
26.11,7.72,21.12,35.67,High Salinity,Milkfish
25.1,7.99,8.28,27.66,Brackish,Catfish
31.66,7.23,4.25,34.1,Freshwater,Catfish
26.49,6.68,0.19,27.75,Freshwater,Tilapia
27.17,8.23,16.69,20.17,High Salinity,Milkfish
30.22,7.51,15.59,30.96,High Salinity,Tiger Shrimp
29.28,7.79,17.14,38.93,High Salinity,Tiger Shrimp
27.48,8.4,31.63,45.35,High Salinity,Tiger Shrimp
27.22,6.68,3.02,34.41,Freshwater,Catfish
31.83,8.1,20.18,30.17,High Salinity,Whiteleg Shrimp
30.33,7.96,13.67,35.83,Brackish,Milkfish
29.38,7.17,0.0,24.47,Freshwater,Tilapia
30.8,7.98,33.61,36.25,High Salinity,Milkfish
30.81,7.1,14.19,45.55,Brackish,Milkfish
27.36,7.84,26.74,29.16,High Salinity,Tiger Shrimp
26.99,8.05,29.05,43.79,High Salinity,Milkfish
30.2,8.24,25.56,42.05,High Salinity,Whiteleg Shrimp
30.12,7.51,31.0,23.66,High Salinity,Milkfish
28.91,8.16,20.36,45.53,High Salinity,Tiger Shrimp
28.37,8.37,18.06,35.88,High Salinity,Whiteleg Shrimp
26.93,8.26,0.84,25.57,Freshwater,Tilapia
29.75,7.58,27.89,31.98,High Salinity,Milkfish
27.1,6.36,2.92,13.8,Freshwater,Tilapia
28.4,7.33,24.53,31.3,High Salinity,Milkfish
27.5,8.13,22.3,44.62,High Salinity,Tiger Shrimp
28.1,8.45,22.37,33.08,High Salinity,Tiger Shrimp
30.74,7.95,28.51,26.28,High Salinity,Tiger Shrimp
29.32,8.18,22.2,26.14,High Salinity,Tiger Shrimp
29.22,7.11,3.18,19.18,Freshwater,Tilapia
28.06,6.79,2.35,17.31,Freshwater,Tilapia
23.62,7.23,5.29,24.11,Brackish,Tilapia
25.49,7.12,1.41,28.67,Freshwater,Catfish
25.41,7.55,12.8,38.97,Brackish,Milkfish
30.81,8.56,29.36,33.52,High Salinity,Milkfish
30.03,7.15,23.25,37.88,High Salinity,Milkfish
32.43,8.54,16.18,25.95,High Salinity,Milkfish
30.2,7.97,16.39,32.76,High Salinity,Milkfish
28.92,7.71,31.97,24.51,High Salinity,Milkfish
30.26,8.13,19.54,30.78,High Salinity,Whiteleg Shrimp
26.61,8.22,19.92,32.97,High Salinity,Milkfish
26.59,7.56,2.89,22.37,Freshwater,Tilapia
28.39,8.3,23.46,42.28,High Salinity,Tiger Shrimp
29.75,7.64,17.94,33.78,High Salinity,Whiteleg Shrimp
29.27,7.74,5.45,37.99,Brackish,Catfish
31.43,8.19,18.36,41.94,High Salinity,Whiteleg Shrimp
28.8,8.17,17.02,48.02,High Salinity,Whiteleg Shrimp
29.2,8.11,21.99,40.18,High Salinity,Whiteleg Shrimp
28.92,7.98,26.69,57.81,High Salinity,Tiger Shrimp
29.74,8.65,33.43,38.9,High Salinity,Milkfish
31.03,7.22,10.66,27.03,Brackish,Milkfish
26.18,7.53,24.3,48.15,High Salinity,Tiger Shrimp
29.88,7.45,26.26,26.63,High Salinity,Tiger Shrimp
29.15,8.17,29.54,34.28,High Salinity,Milkfish
27.01,8.17,19.07,54.59,High Salinity,Tiger Shrimp
31.02,7.95,1.6,18.92,Freshwater,Catfish
29.1,7.97,16.14,47.23,High Salinity,Whiteleg Shrimp
28.65,7.51,24.76,36.35,High Salinity,Milkfish
29.13,7.27,18.37,21.43,High Salinity,Milkfish
31.1,7.82,17.71,38.81,High Salinity,Tiger Shrimp
28.07,6.51,7.16,24.4,Brackish,Catfish
27.08,7.97,22.46,49.36,High Salinity,Tiger Shrimp
30.63,8.15,20.1,24.95,High Salinity,Milkfish
30.65,8.37,1.6,14.02,Freshwater,Tilapia
28.87,7.83,13.73,36.72,Brackish,Tiger Shrimp
29.63,8.09,23.79,20.64,High Salinity,Tiger Shrimp
30.45,8.15,15.87,23.99,High Salinity,Tiger Shrimp
30.8,7.83,23.93,30.97,High Salinity,Tiger Shrimp
23.52,7.96,2.15,27.71,Freshwater,Tilapia
30.88,7.41,9.4,21.73,Brackish,Milkfish
26.45,6.68,4.27,31.07,Freshwater,Catfish
29.35,7.48,19.86,34.06,High Salinity,Whiteleg Shrimp
29.58,7.25,0.28,7.07,Freshwater,Tilapia
27.84,7.9,21.15,40.96,High Salinity,Tiger Shrimp
29.21,8.14,20.38,52.47,High Salinity,Tiger Shrimp
26.42,6.7,2.73,13.28,Freshwater,Tilapia
31.98,6.81,2.22,21.71,Freshwater,Catfish
30.88,8.19,23.94,25.12,High Salinity,Whiteleg Shrimp
28.58,7.73,17.83,51.73,High Salinity,Whiteleg Shrimp
26.52,7.86,3.09,22.48,Freshwater,Catfish
24.21,8.13,2.5,9.93,Freshwater,Tilapia
25.61,8.14,2.24,15.22,Freshwater,Tilapia
28.15,7.02,1.96,28.37,Freshwater,Catfish
27.34,8.49,31.06,25.87,High Salinity,Milkfish
31.85,6.6,4.15,30.71,Freshwater,Catfish
31.58,8.11,36.4,20.67,High Salinity,Milkfish
29.0,7.65,21.46,32.92,High Salinity,Milkfish
29.24,7.81,4.08,25.17,Freshwater,Catfish
27.8,8.43,23.76,39.03,High Salinity,Tiger Shrimp
32.38,8.08,22.84,29.77,High Salinity,Whiteleg Shrimp
29.0,7.36,16.54,44.63,High Salinity,Whiteleg Shrimp
28.83,7.16,5.55,31.89,Brackish,Tilapia
27.99,8.5,25.82,38.85,High Salinity,Tiger Shrimp
27.46,7.38,16.46,30.79,High Salinity,Tiger Shrimp
26.62,8.35,19.68,46.9,High Salinity,Tiger Shrimp
27.68,7.7,7.78,35.88,Brackish,Catfish
32.24,7.11,3.75,35.47,Freshwater,Catfish
32.56,7.62,23.46,34.1,High Salinity,Whiteleg Shrimp
27.22,8.64,18.9,56.2,High Salinity,Tiger Shrimp
29.37,8.35,17.4,30.62,High Salinity,Milkfish
29.99,7.73,27.84,38.44,High Salinity,Tiger Shrimp
31.29,6.73,0.37,24.65,Freshwater,Catfish
30.8,7.85,28.92,22.55,High Salinity,Milkfish
29.26,8.23,3.42,15.14,Freshwater,Tilapia
29.06,7.88,24.64,36.4,High Salinity,Milkfish
30.94,7.52,18.42,51.8,High Salinity,Whiteleg Shrimp
30.96,7.14,19.63,34.96,High Salinity,Milkfish
31.65,8.06,15.77,40.41,High Salinity,Whiteleg Shrimp
29.46,8.67,20.06,53.72,High Salinity,Tiger Shrimp
29.7,8.49,15.75,32.38,High Salinity,Milkfish
30.73,7.51,0.34,32.85,Freshwater,Catfish
28.88,7.48,22.77,49.16,High Salinity,Milkfish
24.21,7.02,1.16,25.98,Freshwater,Tilapia
26.75,7.41,17.46,34.3,High Salinity,Milkfish
26.03,7.17,32.67,20.71,High Salinity,Milkfish
24.98,7.54,5.49,19.68,Brackish,Catfish
29.87,7.25,1.23,15.94,Freshwater,Tilapia
27.13,8.49,28.83,28.35,High Salinity,Milkfish
28.63,8.25,18.07,55.98,High Salinity,Tiger Shrimp
30.26,7.06,0.51,19.62,Freshwater,Tilapia
27.12,7.87,30.58,25.75,High Salinity,Milkfish
29.78,8.06,29.4,24.48,High Salinity,Tiger Shrimp
29.29,8.23,25.42,51.84,High Salinity,Tiger Shrimp
28.46,7.75,21.65,25.27,High Salinity,Milkfish
24.81,7.67,3.54,13.31,Freshwater,Tilapia
29.11,8.47,21.28,22.75,High Salinity,Tiger Shrimp
31.66,7.65,24.23,35.66,High Salinity,Milkfish
27.94,7.08,1.41,12.41,Freshwater,Tilapia
26.96,8.05,2.11,23.72,Freshwater,Tilapia
27.67,7.99,34.73,27.62,High Salinity,Milkfish
28.34,7.17,2.27,15.23,Freshwater,Catfish
28.38,8.15,16.19,22.9,High Salinity,Milkfish
26.91,8.23,4.86,20.75,Freshwater,Tilapia
28.04,7.84,21.69,47.61,High Salinity,Tiger Shrimp
26.46,8.12,30.32,42.81,High Salinity,Tiger Shrimp
29.56,7.49,15.63,33.15,High Salinity,Tiger Shrimp
31.82,8.24,31.23,22.34,High Salinity,Tiger Shrimp
31.24,8.05,16.66,31.65,High Salinity,Milkfish
31.24,7.28,3.54,26.39,Freshwater,Catfish
28.03,7.76,0.12,31.54,Freshwater,Catfish
25.28,7.04,1.12,27.36,Freshwater,Tilapia
28.62,7.72,13.29,39.15,Brackish,Milkfish
27.5,7.53,13.69,30.63,Brackish,Whiteleg Shrimp
30.26,7.28,27.54,48.17,High Salinity,Tiger Shrimp
30.05,7.34,23.61,45.18,High Salinity,Whiteleg Shrimp
28.83,8.07,17.17,48.8,High Salinity,Whiteleg Shrimp
26.95,7.76,9.04,23.36,Brackish,Catfish
26.76,7.75,28.36,36.46,High Salinity,Milkfish
28.04,7.06,1.63,33.99,Freshwater,Catfish
31.41,8.03,8.47,25.99,Brackish,Catfish
30.98,7.31,14.39,21.66,Brackish,Whiteleg Shrimp
27.44,7.88,27.79,32.4,High Salinity,Tiger Shrimp
30.11,8.67,12.99,29.07,Brackish,Milkfish
31.14,7.72,15.37,38.43,High Salinity,Whiteleg Shrimp
30.81,7.44,20.72,28.64,High Salinity,Whiteleg Shrimp
28.75,7.95,0.86,21.48,Freshwater,Tilapia
25.65,7.29,7.39,19.98,Brackish,Catfish
29.31,7.96,17.03,32.22,High Salinity,Whiteleg Shrimp
24.45,8.02,0.84,35.61,Freshwater,Catfish
28.54,8.05,18.75,29.8,High Salinity,Tiger Shrimp
28.4,7.52,27.34,37.8,High Salinity,Milkfish
28.29,8.06,21.88,36.21,High Salinity,Whiteleg Shrimp
30.66,8.01,16.54,29.28,High Salinity,Whiteleg Shrimp
28.51,8.11,13.83,17.48,Brackish,Milkfish
30.1,7.72,18.52,30.78,High Salinity,Whiteleg Shrimp
26.78,8.14,2.87,16.62,Freshwater,Tilapia
26.47,7.37,1.47,27.31,Freshwater,Catfish
31.59,7.96,29.49,40.37,High Salinity,Tiger Shrimp
26.64,7.2,3.36,10.88,Freshwater,Tilapia
27.28,6.74,0.0,8.05,Freshwater,Tilapia
27.58,7.32,4.96,24.14,Freshwater,Tilapia
32.23,7.77,5.62,38.2,Brackish,Catfish
27.5,7.98,21.21,40.31,High Salinity,Tiger Shrimp
29.68,6.94,1.48,14.85,Freshwater,Tilapia
31.8,8.28,18.27,28.41,High Salinity,Whiteleg Shrimp
29.23,6.87,0.07,40.96,Freshwater,Catfish
26.81,6.91,8.65,17.84,Brackish,Catfish
27.55,7.94,15.16,39.8,High Salinity,Milkfish
27.76,7.99,15.54,23.64,High Salinity,Whiteleg Shrimp
30.86,7.17,32.47,30.89,High Salinity,Milkfish
31.57,7.95,17.92,49.38,High Salinity,Milkfish
28.14,8.23,18.29,36.78,High Salinity,Tiger Shrimp
28.48,8.59,2.14,8.59,Freshwater,Tilapia
25.71,7.67,0.0,17.96,Freshwater,Catfish
30.5,8.11,18.48,37.64,High Salinity,Whiteleg Shrimp
26.62,6.81,0.64,22.53,Freshwater,Tilapia
29.0,7.08,17.45,30.98,High Salinity,Milkfish
28.42,7.44,15.87,48.92,High Salinity,Tiger Shrimp
28.61,6.84,1.36,12.16,Freshwater,Catfish
26.99,8.2,16.2,30.97,High Salinity,Tiger Shrimp
30.48,7.96,21.07,53.4,High Salinity,Tiger Shrimp
26.54,7.68,5.94,26.22,Brackish,Catfish
29.2,7.36,24.87,39.04,High Salinity,Tiger Shrimp
30.7,7.95,21.72,21.15,High Salinity,Whiteleg Shrimp
26.92,7.05,15.43,41.73,High Salinity,Milkfish
31.66,7.86,11.55,24.4,Brackish,Milkfish
28.32,7.59,15.92,27.06,High Salinity,Whiteleg Shrimp
29.26,6.45,4.31,11.52,Freshwater,Tilapia
32.26,7.46,22.98,31.65,High Salinity,Milkfish
29.66,8.21,19.5,42.24,High Salinity,Tiger Shrimp
30.21,6.87,2.48,34.57,Freshwater,Catfish
31.34,7.85,19.86,39.97,High Salinity,Whiteleg Shrimp
28.63,8.77,22.71,29.23,High Salinity,Whiteleg Shrimp
29.3,7.73,19.01,47.9,High Salinity,Tiger Shrimp
28.36,6.55,0.66,20.27,Freshwater,Tilapia
30.7,7.56,31.3,22.52,High Salinity,Tiger Shrimp
30.34,7.85,1.34,13.63,Freshwater,Tilapia
28.56,7.52,0.0,19.2,Freshwater,Tilapia
28.07,8.32,13.67,38.85,Brackish,Tiger Shrimp
28.66,8.54,26.81,56.52,High Salinity,Tiger Shrimp
24.94,7.45,4.07,19.22,Freshwater,Tilapia
26.89,7.94,29.19,29.87,High Salinity,Milkfish
31.74,7.63,25.14,36.16,High Salinity,Tiger Shrimp
30.29,8.15,3.02,7.48,Freshwater,Tilapia
28.86,8.19,19.1,39.83,High Salinity,Whiteleg Shrimp
28.76,7.47,28.36,23.31,High Salinity,Milkfish
27.03,7.73,8.41,36.57,Brackish,Catfish
30.53,6.42,6.48,21.61,Brackish,Catfish
30.25,6.26,0.0,40.75,Freshwater,Catfish
29.29,8.13,25.9,46.17,High Salinity,Tiger Shrimp
29.09,8.31,28.31,26.86,High Salinity,Tiger Shrimp
28.84,7.57,19.41,40.08,High Salinity,Tiger Shrimp
26.23,6.52,0.0,15.25,Freshwater,Tilapia
30.8,7.73,17.92,48.51,High Salinity,Whiteleg Shrimp
25.27,7.55,2.32,14.53,Freshwater,Tilapia
24.57,7.14,7.59,21.18,Brackish,Catfish
29.29,6.75,3.97,7.83,Freshwater,Tilapia
29.58,7.68,29.7,29.45,High Salinity,Milkfish
29.93,7.61,30.82,22.55,High Salinity,Milkfish
31.34,7.94,8.63,20.02,Brackish,Catfish
30.69,7.55,6.98,27.32,Brackish,Catfish
31.33,7.91,21.18,26.58,High Salinity,Whiteleg Shrimp
28.08,7.95,22.23,47.45,High Salinity,Tiger Shrimp
30.04,7.23,11.37,31.47,Brackish,Milkfish
29.19,7.88,18.99,43.79,High Salinity,Tiger Shrimp
28.38,8.05,26.36,34.67,High Salinity,Tiger Shrimp
26.57,8.16,1.29,23.49,Freshwater,Tilapia
31.85,6.88,35.05,36.94,High Salinity,Milkfish
30.6,7.27,27.34,30.24,High Salinity,Milkfish
27.98,7.8,0.1,22.7,Freshwater,Catfish
28.21,8.3,21.6,27.06,High Salinity,Tiger Shrimp
28.0,7.71,3.93,27.43,Freshwater,Catfish
28.69,7.78,25.65,46.46,High Salinity,Whiteleg Shrimp
30.52,7.88,26.47,44.86,High Salinity,Milkfish
28.57,7.47,19.07,27.56,High Salinity,Whiteleg Shrimp
29.6,8.62,25.95,51.92,High Salinity,Tiger Shrimp
25.7,8.59,1.84,21.67,Freshwater,Tilapia
28.6,7.91,26.7,28.31,High Salinity,Tiger Shrimp
32.5,6.44,2.81,25.16,Freshwater,Catfish
27.9,7.72,33.31,46.18,High Salinity,Milkfish
30.68,8.12,17.75,37.37,High Salinity,Whiteleg Shrimp
28.83,7.55,20.82,55.44,High Salinity,Tiger Shrimp
28.4,7.76,8.04,33.11,Brackish,Catfish
28.04,7.78,28.49,37.66,High Salinity,Tiger Shrimp
30.09,8.07,21.85,41.99,High Salinity,Whiteleg Shrimp
30.06,7.7,21.94,31.55,High Salinity,Milkfish
31.17,7.96,29.67,28.15,High Salinity,Tiger Shrimp
29.33,8.4,22.24,43.49,High Salinity,Whiteleg Shrimp
30.62,7.43,27.84,54.74,High Salinity,Tiger Shrimp
29.36,8.03,28.79,31.55,High Salinity,Tiger Shrimp
30.57,7.72,24.75,28.74,High Salinity,Whiteleg Shrimp
31.04,7.93,15.95,36.53,High Salinity,Whiteleg Shrimp
28.6,8.05,25.37,39.37,High Salinity,Tiger Shrimp
28.69,7.71,21.11,55.47,High Salinity,Tiger Shrimp
28.18,6.96,1.24,13.01,Freshwater,Tilapia
31.58,7.27,11.23,32.54,Brackish,Milkfish
26.73,7.11,2.69,12.44,Freshwater,Tilapia
29.75,7.83,17.37,45.85,High Salinity,Whiteleg Shrimp
28.44,7.19,4.82,15.98,Freshwater,Catfish
29.62,6.3,0.62,22.88,Freshwater,Tilapia
25.91,8.46,3.64,14.63,Freshwater,Tilapia
28.92,7.8,21.55,37.93,High Salinity,Whiteleg Shrimp
26.63,7.75,5.08,33.8,Brackish,Catfish
30.68,8.57,19.43,54.31,High Salinity,Tiger Shrimp
28.88,7.42,22.83,26.77,High Salinity,Whiteleg Shrimp
24.51,7.36,0.0,25.93,Freshwater,Tilapia
29.94,7.45,14.22,33.66,Brackish,Milkfish
28.35,7.71,23.25,54.17,High Salinity,Whiteleg Shrimp
28.45,7.91,5.88,13.87,Brackish,Catfish
32.15,8.72,21.3,28.6,High Salinity,Whiteleg Shrimp
30.58,7.43,19.77,52.38,High Salinity,Tiger Shrimp
26.28,6.46,0.0,12.23,Freshwater,Tilapia
28.96,7.61,16.55,32.92,High Salinity,Whiteleg Shrimp
31.67,7.6,15.52,27.5,High Salinity,Whiteleg Shrimp
26.74,6.78,2.9,26.95,Freshwater,Catfish
28.21,7.18,15.44,32.66,High Salinity,Milkfish
26.84,7.35,13.7,30.17,Brackish,Milkfish
27.53,7.11,16.78,31.86,High Salinity,Milkfish
28.64,7.38,3.1,11.23,Freshwater,Tilapia
28.97,7.13,0.31,26.38,Freshwater,Tilapia
29.74,7.89,2.62,28.2,Freshwater,Tilapia
27.97,6.74,27.77,41.36,High Salinity,Milkfish
27.23,8.08,27.61,33.56,High Salinity,Milkfish
28.79,7.89,22.94,44.64,High Salinity,Whiteleg Shrimp
29.02,8.34,15.66,30.2,High Salinity,Milkfish
30.26,7.08,5.89,28.28,Brackish,Catfish
28.05,8.03,29.87,52.81,High Salinity,Tiger Shrimp
32.14,7.59,20.73,37.58,High Salinity,Whiteleg Shrimp
28.66,7.39,19.13,35.99,High Salinity,Whiteleg Shrimp
30.11,8.65,18.86,27.77,High Salinity,Tiger Shrimp
28.26,8.13,22.55,31.04,High Salinity,Tiger Shrimp
29.04,8.58,30.69,38.64,High Salinity,Milkfish
31.35,8.38,26.52,36.04,High Salinity,Milkfish
28.11,7.77,18.11,43.77,High Salinity,Whiteleg Shrimp
27.35,6.6,7.54,25.62,Brackish,Catfish
29.63,7.92,5.07,25.9,Brackish,Catfish
25.85,7.91,3.91,16.73,Freshwater,Tilapia
26.61,8.16,3.27,15.35,Freshwater,Tilapia
27.06,8.67,28.21,48.62,High Salinity,Milkfish
23.66,7.14,1.21,16.14,Freshwater,Tilapia
29.81,7.95,17.02,38.84,High Salinity,Whiteleg Shrimp
30.51,6.79,5.77,29.37,Brackish,Catfish
30.87,7.05,26.5,29.12,High Salinity,Milkfish
32.65,7.27,12.78,25.37,Brackish,Milkfish
28.23,8.39,26.3,37.81,High Salinity,Milkfish
28.65,7.93,18.36,25.84,High Salinity,Tiger Shrimp
26.47,8.42,5.86,28.96,Brackish,Tilapia
30.73,7.41,0.9,28.91,Freshwater,Tilapia
29.18,8.37,22.29,32.93,High Salinity,Tiger Shrimp
27.7,7.12,1.28,25.88,Freshwater,Catfish
31.18,8.2,15.19,31.08,High Salinity,Whiteleg Shrimp
28.27,8.3,19.35,24.16,High Salinity,Whiteleg Shrimp
25.94,6.66,0.29,11.97,Freshwater,Tilapia
29.07,7.03,2.78,16.22,Freshwater,Tilapia
28.91,7.85,24.74,45.89,High Salinity,Tiger Shrimp
31.24,7.89,23.15,29.65,High Salinity,Tiger Shrimp
28.08,7.35,1.83,24.97,Freshwater,Tilapia
28.47,8.3,20.99,30.37,High Salinity,Milkfish
30.06,8.19,23.28,42.14,High Salinity,Tiger Shrimp
30.87,8.5,15.76,28.65,High Salinity,Whiteleg Shrimp
28.43,7.56,29.98,35.19,High Salinity,Tiger Shrimp
23.51,6.67,4.44,8.75,Freshwater,Tilapia
29.15,8.69,19.79,26.46,High Salinity,Whiteleg Shrimp
29.01,8.39,22.73,42.14,High Salinity,Whiteleg Shrimp
28.62,7.8,32.84,38.57,High Salinity,Milkfish
28.8,7.97,15.59,40.91,High Salinity,Tiger Shrimp
30.69,8.04,26.28,26.12,High Salinity,Milkfish
27.57,6.98,8.11,29.01,Brackish,Catfish
28.56,7.25,0.82,25.0,Freshwater,Catfish
27.8,8.06,15.82,53.56,High Salinity,Whiteleg Shrimp
26.67,7.15,3.26,15.13,Freshwater,Tilapia
25.46,7.27,1.73,20.58,Freshwater,Tilapia
28.86,6.57,4.13,10.61,Freshwater,Tilapia
30.01,8.16,16.97,21.58,High Salinity,Whiteleg Shrimp
27.87,6.4,2.61,25.58,Freshwater,Tilapia
27.04,6.81,15.62,39.43,High Salinity,Milkfish
31.8,7.45,21.73,52.14,High Salinity,Whiteleg Shrimp
30.76,6.75,6.55,14.4,Brackish,Catfish
29.01,8.12,22.6,30.39,High Salinity,Whiteleg Shrimp
29.78,8.18,18.26,24.99,High Salinity,Tiger Shrimp
28.93,8.03,20.76,41.58,High Salinity,Milkfish
28.83,6.98,1.15,20.41,Freshwater,Tilapia
28.03,7.78,20.24,29.86,High Salinity,Tiger Shrimp
28.1,8.24,11.65,26.83,Brackish,Milkfish
27.27,7.53,6.98,27.28,Brackish,Catfish
28.42,6.57,8.41,29.63,Brackish,Catfish
27.86,7.11,0.55,15.17,Freshwater,Tilapia
28.81,8.34,18.24,46.59,High Salinity,Whiteleg Shrimp
26.48,7.72,6.89,31.52,Brackish,Catfish
30.49,7.21,14.53,43.8,Brackish,Milkfish
28.31,6.44,1.92,22.94,Freshwater,Catfish
27.39,7.91,32.6,43.38,High Salinity,Milkfish
25.12,7.59,0.1,8.39,Freshwater,Tilapia
28.51,6.77,2.83,42.23,Freshwater,Catfish
27.82,7.7,3.04,16.74,Freshwater,Catfish
31.35,7.78,5.6,21.26,Brackish,Catfish
30.42,7.8,25.87,24.45,High Salinity,Whiteleg Shrimp
32.54,7.93,17.49,35.34,High Salinity,Whiteleg Shrimp
26.42,7.75,29.13,24.25,High Salinity,Milkfish
29.83,7.89,22.2,24.39,High Salinity,Whiteleg Shrimp
31.68,7.78,14.62,40.79,Brackish,Whiteleg Shrimp
26.28,7.73,2.01,24.37,Freshwater,Tilapia
30.72,6.72,2.75,36.98,Freshwater,Catfish
29.1,8.06,12.33,26.42,Brackish,Milkfish
28.09,7.94,21.3,31.01,High Salinity,Tiger Shrimp
28.2,8.23,15.0,45.11,Brackish,Tiger Shrimp
27.08,7.54,24.42,25.14,High Salinity,Milkfish
30.95,7.89,30.57,32.63,High Salinity,Milkfish
29.1,7.72,32.76,27.46,High Salinity,Milkfish
29.83,8.13,14.77,28.23,Brackish,Whiteleg Shrimp
32.61,7.29,19.91,43.38,High Salinity,Whiteleg Shrimp
32.22,8.26,17.86,26.82,High Salinity,Whiteleg Shrimp
29.88,6.99,5.0,40.16,Freshwater,Catfish
29.51,8.11,30.1,49.84,High Salinity,Tiger Shrimp
29.59,8.17,13.5,28.05,Brackish,Whiteleg Shrimp
30.76,8.21,28.31,46.64,High Salinity,Tiger Shrimp
23.91,6.98,1.71,22.81,Freshwater,Tilapia
27.64,7.69,6.01,36.64,Brackish,Catfish
28.28,8.45,17.8,33.72,High Salinity,Whiteleg Shrimp
29.08,7.73,19.33,18.12,High Salinity,Whiteleg Shrimp
31.54,7.58,0.0,29.38,Freshwater,Catfish
32.35,6.6,3.96,18.63,Freshwater,Catfish
29.64,7.92,24.79,37.97,High Salinity,Tiger Shrimp
31.77,8.41,21.22,46.15,High Salinity,Milkfish
25.15,7.76,1.02,19.54,Freshwater,Tilapia
28.47,8.32,28.77,30.31,High Salinity,Tiger Shrimp
27.17,6.45,4.85,23.14,Freshwater,Tilapia
27.2,7.89,3.26,16.31,Freshwater,Tilapia
31.0,6.37,2.61,27.34,Freshwater,Catfish
26.16,7.31,3.61,23.12,Freshwater,Tilapia
27.4,7.27,17.25,38.02,High Salinity,Tiger Shrimp
29.6,7.95,26.7,49.25,High Salinity,Whiteleg Shrimp
28.74,7.23,20.07,36.15,High Salinity,Whiteleg Shrimp
26.96,7.14,5.37,39.57,Brackish,Catfish
31.21,7.28,17.66,26.26,High Salinity,Tiger Shrimp
26.45,7.45,0.88,29.8,Freshwater,Catfish
27.39,7.53,20.01,29.75,High Salinity,Tiger Shrimp
26.73,7.66,20.87,47.12,High Salinity,Tiger Shrimp
28.79,7.68,1.07,21.38,Freshwater,Tilapia
29.32,8.11,17.24,27.81,High Salinity,Whiteleg Shrimp
27.28,8.32,24.88,32.09,High Salinity,Milkfish
29.78,7.5,28.34,34.19,High Salinity,Milkfish
28.76,8.05,19.48,32.99,High Salinity,Whiteleg Shrimp
28.94,8.4,17.2,57.22,High Salinity,Tiger Shrimp
27.62,7.37,4.79,25.79,Freshwater,Tilapia
30.15,7.97,4.23,36.33,Freshwater,Catfish
28.53,7.41,18.25,50.85,High Salinity,Tiger Shrimp
31.41,7.66,24.01,37.81,High Salinity,Milkfish
28.77,7.95,24.81,37.92,High Salinity,Tiger Shrimp
30.33,7.92,6.26,34.16,Brackish,Catfish
28.79,7.2,11.12,41.8,Brackish,Milkfish
25.16,6.9,2.69,27.86,Freshwater,Tilapia
28.59,7.33,24.29,45.44,High Salinity,Milkfish
28.52,7.98,17.73,52.93,High Salinity,Tiger Shrimp
28.14,8.24,3.09,21.95,Freshwater,Tilapia
26.64,7.41,2.08,20.51,Freshwater,Catfish
23.38,7.64,4.48,20.46,Freshwater,Tilapia
32.07,7.85,3.63,27.11,Freshwater,Catfish
28.1,7.69,28.77,38.04,High Salinity,Tiger Shrimp
24.64,6.81,6.97,30.08,Brackish,Catfish
27.89,8.01,28.98,28.8,High Salinity,Tiger Shrimp
25.0,7.25,2.84,21.65,Freshwater,Tilapia
28.77,7.57,6.5,22.25,Brackish,Catfish
26.73,7.45,8.26,29.49,Brackish,Milkfish
26.74,6.74,2.35,33.33,Freshwater,Catfish
29.39,8.35,25.89,47.13,High Salinity,Tiger Shrimp
27.77,7.18,0.0,41.49,Freshwater,Catfish
29.41,7.39,5.13,18.88,Brackish,Catfish
28.61,7.67,28.35,48.63,High Salinity,Tiger Shrimp
28.03,6.76,1.45,16.07,Freshwater,Tilapia
30.6,7.46,22.22,38.28,High Salinity,Milkfish
28.55,7.44,25.64,33.21,High Salinity,Tiger Shrimp
30.33,6.72,1.7,19.46,Freshwater,Catfish
29.92,7.92,4.82,43.1,Freshwater,Catfish
28.91,7.73,5.17,38.41,Brackish,Catfish
30.5,8.37,15.81,30.97,High Salinity,Whiteleg Shrimp
26.37,7.27,3.7,10.55,Freshwater,Tilapia
30.72,7.74,25.38,50.77,High Salinity,Tiger Shrimp
30.19,7.77,26.29,34.43,High Salinity,Tiger Shrimp
30.05,8.13,24.09,33.25,High Salinity,Tiger Shrimp
27.64,7.8,21.71,53.44,High Salinity,Tiger Shrimp
30.42,7.83,18.08,32.47,High Salinity,Tiger Shrimp
28.13,6.63,7.4,22.61,Brackish,Catfish
31.17,7.63,21.3,35.09,High Salinity,Tiger Shrimp
30.94,7.75,2.2,27.48,Freshwater,Catfish
30.99,8.21,20.73,50.78,High Salinity,Whiteleg Shrimp
28.47,8.14,22.87,32.42,High Salinity,Tiger Shrimp
27.08,8.12,17.84,30.07,High Salinity,Tiger Shrimp
30.41,7.95,16.24,24.17,High Salinity,Whiteleg Shrimp
29.67,7.41,0.17,16.24,Freshwater,Catfish
28.51,8.03,30.47,33.33,High Salinity,Milkfish
28.57,7.27,1.83,17.1,Freshwater,Tilapia
26.29,7.79,20.99,38.49,High Salinity,Tiger Shrimp
27.33,7.63,2.18,24.1,Freshwater,Tilapia
30.67,7.69,21.88,24.51,High Salinity,Whiteleg Shrimp
30.03,8.12,25.96,38.91,High Salinity,Whiteleg Shrimp
28.17,7.85,1.4,15.83,Freshwater,Catfish
29.67,7.63,30.22,43.88,High Salinity,Milkfish
27.52,7.34,2.16,23.36,Freshwater,Tilapia
30.82,8.26,20.58,38.44,High Salinity,Whiteleg Shrimp
29.63,8.05,26.49,45.83,High Salinity,Tiger Shrimp
29.43,7.26,1.5,15.87,Freshwater,Tilapia
31.81,7.09,20.3,40.89,High Salinity,Milkfish
29.52,6.57,2.83,22.71,Freshwater,Tilapia
27.4,7.45,28.44,33.64,High Salinity,Milkfish
28.68,7.66,22.9,53.88,High Salinity,Tiger Shrimp
26.28,7.94,5.31,19.25,Brackish,Tilapia
27.8,8.13,26.48,41.89,High Salinity,Milkfish
28.42,8.71,21.79,47.89,High Salinity,Tiger Shrimp
26.92,7.95,25.47,25.11,High Salinity,Milkfish
25.24,8.24,2.37,8.77,Freshwater,Tilapia
29.62,6.76,5.08,18.86,Brackish,Catfish
29.81,7.29,22.37,24.71,High Salinity,Milkfish
28.73,7.64,23.49,42.28,High Salinity,Whiteleg Shrimp
26.81,7.86,7.59,23.5,Brackish,Catfish
28.97,7.9,21.73,21.45,High Salinity,Milkfish
28.56,6.42,0.0,20.82,Freshwater,Tilapia
31.13,7.79,15.0,50.43,Brackish,Whiteleg Shrimp
29.25,8.11,0.0,22.56,Freshwater,Tilapia
27.12,7.37,0.29,12.94,Freshwater,Tilapia
30.77,8.71,22.77,33.96,High Salinity,Whiteleg Shrimp
26.89,6.59,4.91,7.31,Freshwater,Tilapia
29.01,7.85,29.98,37.77,High Salinity,Milkfish
31.51,8.65,22.6,39.85,High Salinity,Whiteleg Shrimp
25.59,7.92,16.79,34.14,High Salinity,Milkfish
28.58,8.28,23.34,35.1,High Salinity,Whiteleg Shrimp
30.89,7.9,22.72,31.44,High Salinity,Milkfish
29.37,7.8,5.99,36.57,Brackish,Catfish
26.18,7.81,4.41,13.81,Freshwater,Tilapia
28.34,6.78,7.93,35.27,Brackish,Catfish
30.71,7.26,4.42,41.29,Freshwater,Catfish
30.64,7.87,26.37,25.98,High Salinity,Tiger Shrimp
27.04,7.18,1.1,40.06,Freshwater,Catfish
28.93,7.57,1.64,13.91,Freshwater,Tilapia
31.48,7.51,20.96,35.53,High Salinity,Milkfish
29.97,7.82,17.9,47.03,High Salinity,Tiger Shrimp
28.28,8.3,11.44,25.95,Brackish,Milkfish
26.57,7.93,2.93,21.52,Freshwater,Tilapia
29.75,8.07,5.22,19.14,Brackish,Catfish
29.27,8.06,19.63,41.53,High Salinity,Milkfish
29.35,8.08,22.49,51.31,High Salinity,Tiger Shrimp
28.66,8.21,20.97,31.72,High Salinity,Tiger Shrimp
24.45,7.32,0.0,22.57,Freshwater,Tilapia
30.57,7.64,15.67,23.09,High Salinity,Whiteleg Shrimp
30.73,8.2,12.33,23.61,Brackish,Milkfish
30.42,7.74,23.54,45.51,High Salinity,Tiger Shrimp
28.67,6.67,1.6,29.16,Freshwater,Tilapia
30.4,8.01,30.52,32.76,High Salinity,Milkfish
31.01,8.2,34.86,20.66,High Salinity,Milkfish
31.18,7.35,5.43,18.82,Brackish,Catfish
29.43,7.87,21.34,33.73,High Salinity,Milkfish
23.82,7.53,2.89,15.85,Freshwater,Tilapia
29.44,6.82,4.28,39.62,Freshwater,Catfish
29.76,8.22,23.71,42.42,High Salinity,Tiger Shrimp
24.94,7.3,4.14,24.91,Freshwater,Tilapia
28.3,7.87,3.04,17.74,Freshwater,Tilapia
24.23,7.5,5.19,23.42,Brackish,Tilapia
27.69,7.19,1.96,38.61,Freshwater,Catfish
27.92,8.23,10.01,31.24,Brackish,Milkfish
29.17,8.12,20.81,55.27,High Salinity,Tiger Shrimp
26.56,7.51,26.72,35.9,High Salinity,Milkfish
30.67,8.41,24.33,40.43,High Salinity,Tiger Shrimp
30.14,8.17,14.35,29.76,Brackish,Milkfish
28.06,8.42,25.08,41.87,High Salinity,Tiger Shrimp
30.83,7.43,0.0,33.56,Freshwater,Catfish
27.54,8.0,17.67,52.44,High Salinity,Tiger Shrimp
30.8,7.47,7.19,12.43,Brackish,Catfish
27.1,7.57,23.43,29.18,High Salinity,Milkfish
31.22,7.96,27.07,51.01,High Salinity,Tiger Shrimp
28.91,6.6,3.03,20.73,Freshwater,Tilapia
26.11,6.95,4.65,31.7,Freshwater,Catfish
27.87,7.62,20.45,31.27,High Salinity,Whiteleg Shrimp
27.68,7.91,2.42,15.26,Freshwater,Catfish
29.13,7.41,29.11,30.31,High Salinity,Milkfish
28.76,7.62,1.55,23.73,Freshwater,Tilapia
27.54,8.02,24.2,41.58,High Salinity,Tiger Shrimp
27.65,7.86,6.87,22.38,Brackish,Catfish
30.18,7.42,17.44,28.58,High Salinity,Milkfish
26.15,6.51,9.21,28.55,Brackish,Catfish
28.77,7.87,31.89,37.08,High Salinity,Milkfish
27.58,7.82,7.46,19.69,Brackish,Catfish
23.75,7.23,3.97,17.51,Freshwater,Tilapia
30.48,6.75,5.64,23.94,Brackish,Catfish
27.97,8.46,10.82,22.76,Brackish,Milkfish
25.32,7.53,2.66,10.06,Freshwater,Tilapia
26.3,6.54,4.23,12.94,Freshwater,Catfish
30.12,7.24,13.92,30.95,Brackish,Milkfish
26.41,7.69,6.8,35.74,Brackish,Catfish
30.49,6.57,3.7,16.34,Freshwater,Tilapia
31.64,8.52,16.88,42.86,High Salinity,Tiger Shrimp
32.5,8.16,20.26,37.17,High Salinity,Milkfish
30.43,6.41,5.62,20.19,Brackish,Catfish
27.35,6.78,2.36,12.72,Freshwater,Tilapia
29.61,7.65,18.0,43.33,High Salinity,Tiger Shrimp
26.43,8.29,29.87,44.3,High Salinity,Tiger Shrimp
30.79,8.27,16.6,30.0,High Salinity,Tiger Shrimp
28.71,7.86,25.53,44.42,High Salinity,Whiteleg Shrimp
29.94,8.65,24.29,23.88,High Salinity,Whiteleg Shrimp
30.19,8.05,17.1,29.72,High Salinity,Whiteleg Shrimp
31.4,6.89,7.66,42.22,Brackish,Catfish
28.03,8.23,5.59,10.35,Brackish,Tilapia
29.96,7.67,2.55,15.2,Freshwater,Tilapia
30.44,7.14,0.43,25.28,Freshwater,Catfish
29.57,7.61,23.34,22.34,High Salinity,Milkfish
27.91,7.96,16.52,52.23,High Salinity,Tiger Shrimp
29.52,8.08,15.05,26.22,High Salinity,Milkfish
26.65,7.45,5.5,12.79,Brackish,Tilapia
30.01,7.41,18.64,35.02,High Salinity,Whiteleg Shrimp
26.97,7.68,0.0,8.49,Freshwater,Tilapia
26.51,7.72,4.15,17.13,Freshwater,Tilapia
31.01,8.13,24.83,22.46,High Salinity,Tiger Shrimp
30.58,7.52,18.83,37.43,High Salinity,Tiger Shrimp
26.93,7.19,2.05,24.06,Freshwater,Catfish
25.33,8.28,0.0,10.9,Freshwater,Tilapia
29.98,7.84,26.24,35.14,High Salinity,Tiger Shrimp
30.49,7.5,32.57,38.28,High Salinity,Milkfish
23.41,7.12,0.0,11.62,Freshwater,Tilapia
28.49,7.99,19.1,17.0,High Salinity,Whiteleg Shrimp
31.5,7.8,18.58,37.64,High Salinity,Tiger Shrimp
29.1,7.93,24.94,29.36,High Salinity,Tiger Shrimp
31.81,7.37,22.02,22.2,High Salinity,Whiteleg Shrimp
26.65,8.7,30.22,24.0,High Salinity,Milkfish
25.35,7.36,0.03,25.27,Freshwater,Tilapia
31.54,7.31,19.27,40.61,High Salinity,Whiteleg Shrimp
30.44,7.03,1.72,31.83,Freshwater,Tilapia
31.61,7.75,22.08,35.27,High Salinity,Whiteleg Shrimp
32.28,8.25,23.13,43.24,High Salinity,Whiteleg Shrimp
29.02,7.87,20.91,29.45,High Salinity,Whiteleg Shrimp
30.89,8.04,22.09,29.48,High Salinity,Whiteleg Shrimp
29.54,7.34,23.21,23.84,High Salinity,Milkfish
29.19,7.98,4.68,14.18,Freshwater,Tilapia
29.13,7.34,4.79,22.34,Freshwater,Catfish
25.97,6.88,1.97,17.53,Freshwater,Tilapia
26.86,7.65,23.86,41.3,High Salinity,Milkfish
29.82,7.24,0.84,12.19,Freshwater,Tilapia
30.06,6.75,6.72,37.83,Brackish,Catfish
28.24,8.02,22.86,36.82,High Salinity,Tiger Shrimp
27.66,6.77,0.0,10.19,Freshwater,Tilapia
29.88,7.36,1.57,18.61,Freshwater,Catfish
29.33,6.74,5.07,18.29,Brackish,Tilapia
26.92,7.17,9.63,33.97,Brackish,Catfish
29.86,6.55,7.46,42.06,Brackish,Catfish
29.37,7.15,6.38,15.11,Brackish,Tilapia
28.81,8.0,0.0,14.01,Freshwater,Tilapia
29.35,8.49,29.12,40.55,High Salinity,Tiger Shrimp
27.63,8.33,22.19,26.57,High Salinity,Tiger Shrimp
27.61,6.91,1.84,20.51,Freshwater,Tilapia
26.77,7.56,16.92,25.48,High Salinity,Tiger Shrimp
26.08,6.93,6.62,24.53,Brackish,Tilapia
29.68,8.29,4.92,18.84,Freshwater,Tilapia
27.54,8.3,23.43,45.49,High Salinity,Whiteleg Shrimp
26.24,7.25,5.26,16.27,Brackish,Tilapia
26.56,7.47,4.06,22.2,Freshwater,Tilapia
26.95,8.48,0.16,22.54,Freshwater,Tilapia
31.47,6.24,1.68,32.87,Freshwater,Catfish
29.33,7.12,5.48,37.52,Brackish,Catfish
28.21,7.72,14.29,26.5,Brackish,Milkfish
26.82,7.32,25.06,26.28,High Salinity,Milkfish
29.43,8.2,23.05,49.95,High Salinity,Tiger Shrimp
25.29,6.52,5.17,20.17,Brackish,Catfish
24.87,6.82,5.02,24.09,Brackish,Tilapia
28.9,7.78,17.52,24.48,High Salinity,Whiteleg Shrimp
29.07,7.33,1.36,28.59,Freshwater,Catfish
29.23,8.42,18.75,40.19,High Salinity,Milkfish
30.24,7.77,20.2,28.2,High Salinity,Tiger Shrimp
28.47,7.35,23.64,21.68,High Salinity,Whiteleg Shrimp
31.06,7.42,19.24,36.49,High Salinity,Whiteleg Shrimp
29.44,8.21,21.37,41.02,High Salinity,Tiger Shrimp
30.02,8.27,15.9,31.98,High Salinity,Whiteleg Shrimp
28.55,6.88,0.0,17.22,Freshwater,Tilapia
28.17,7.47,22.59,46.72,High Salinity,Tiger Shrimp
26.95,8.56,25.64,34.09,High Salinity,Milkfish
28.41,7.89,18.89,36.07,High Salinity,Tiger Shrimp
25.32,7.5,0.0,31.17,Freshwater,Catfish
27.7,7.5,2.7,12.03,Freshwater,Catfish
30.51,8.58,32.36,29.02,High Salinity,Milkfish
30.76,8.47,18.71,47.5,High Salinity,Whiteleg Shrimp
27.6,7.66,2.42,19.74,Freshwater,Tilapia
29.83,8.03,24.01,22.35,High Salinity,Whiteleg Shrimp
32.95,7.34,18.43,32.6,High Salinity,Milkfish
26.36,8.29,9.75,25.29,Brackish,Milkfish
28.91,8.31,23.42,25.45,High Salinity,Whiteleg Shrimp
29.36,7.59,21.2,25.84,High Salinity,Whiteleg Shrimp
29.68,8.21,17.13,30.45,High Salinity,Whiteleg Shrimp
28.97,7.91,23.81,39.84,High Salinity,Milkfish
25.38,7.56,4.08,20.78,Freshwater,Catfish
26.88,7.36,1.88,22.17,Freshwater,Tilapia
25.49,8.55,26.23,40.49,High Salinity,Milkfish
28.57,7.76,14.65,37.04,Brackish,Tiger Shrimp
30.93,8.26,17.74,24.89,High Salinity,Whiteleg Shrimp
29.31,8.0,19.8,36.38,High Salinity,Whiteleg Shrimp
28.26,7.63,26.95,45.9,High Salinity,Tiger Shrimp
28.31,7.77,18.65,50.2,High Salinity,Whiteleg Shrimp
27.71,7.15,8.31,32.35,Brackish,Catfish
27.93,7.79,19.39,40.42,High Salinity,Tiger Shrimp
30.06,7.4,30.43,38.37,High Salinity,Milkfish
26.89,8.26,23.98,22.63,High Salinity,Milkfish
31.03,7.97,5.16,29.46,Brackish,Catfish
27.51,7.29,14.89,26.95,Brackish,Milkfish
28.57,7.83,19.12,44.12,High Salinity,Whiteleg Shrimp
27.84,7.74,15.97,53.31,High Salinity,Tiger Shrimp
27.92,8.39,23.66,37.5,High Salinity,Whiteleg Shrimp
26.63,7.24,2.55,21.22,Freshwater,Tilapia
31.6,8.07,15.61,38.58,High Salinity,Milkfish
30.45,7.29,16.16,35.42,High Salinity,Milkfish
30.66,8.46,18.43,21.53,High Salinity,Whiteleg Shrimp
28.36,7.43,0.19,29.78,Freshwater,Tilapia
30.65,6.76,10.47,33.95,Brackish,Milkfish
30.18,8.02,22.37,56.5,High Salinity,Tiger Shrimp
29.48,8.21,21.26,19.41,High Salinity,Whiteleg Shrimp
27.52,7.46,15.35,37.02,High Salinity,Milkfish
30.34,8.05,18.01,39.62,High Salinity,Whiteleg Shrimp
30.58,8.35,17.81,27.72,High Salinity,Whiteleg Shrimp
25.65,7.3,0.0,17.48,Freshwater,Tilapia
28.76,8.2,25.34,22.81,High Salinity,Whiteleg Shrimp
25.04,7.32,5.18,13.66,Brackish,Tilapia
27.01,8.27,15.9,21.54,High Salinity,Milkfish
28.69,8.5,16.55,38.94,High Salinity,Whiteleg Shrimp
29.19,8.08,22.41,51.72,High Salinity,Tiger Shrimp
32.11,8.1,17.95,25.61,High Salinity,Whiteleg Shrimp
30.12,7.98,26.21,50.81,High Salinity,Tiger Shrimp
26.5,7.51,6.79,15.53,Brackish,Catfish
28.66,7.38,3.31,19.46,Freshwater,Catfish
29.49,8.38,20.34,32.23,High Salinity,Milkfish
29.01,7.94,26.19,47.09,High Salinity,Tiger Shrimp
29.5,8.22,4.69,18.38,Freshwater,Tilapia
24.05,8.35,1.38,13.55,Freshwater,Tilapia
26.23,6.92,34.95,45.09,High Salinity,Milkfish
31.44,8.59,19.58,36.78,High Salinity,Whiteleg Shrimp
30.85,6.61,3.53,24.91,Freshwater,Catfish
27.51,8.33,1.97,25.5,Freshwater,Tilapia
29.61,7.63,4.92,32.6,Freshwater,Catfish
28.34,8.32,18.26,19.45,High Salinity,Whiteleg Shrimp
26.19,8.25,0.91,25.59,Freshwater,Tilapia
32.39,7.92,19.98,24.46,High Salinity,Whiteleg Shrimp
28.25,8.03,28.65,44.89,High Salinity,Tiger Shrimp
29.82,8.15,14.58,32.76,Brackish,Tiger Shrimp
24.69,7.32,6.42,41.23,Brackish,Catfish
26.78,7.75,18.31,22.14,High Salinity,Tiger Shrimp
29.49,7.29,14.68,39.33,Brackish,Tiger Shrimp
29.66,6.67,4.11,22.75,Freshwater,Catfish
28.97,8.13,2.49,23.02,Freshwater,Catfish
28.46,7.69,4.91,13.6,Freshwater,Tilapia
28.08,8.12,22.17,39.26,High Salinity,Whiteleg Shrimp
27.23,7.69,4.38,40.21,Freshwater,Catfish
29.89,8.08,18.59,40.65,High Salinity,Tiger Shrimp
29.7,8.07,24.08,36.64,High Salinity,Tiger Shrimp
30.08,7.98,29.67,51.46,High Salinity,Tiger Shrimp
28.88,7.31,28.79,41.48,High Salinity,Tiger Shrimp
27.78,7.94,17.49,50.17,High Salinity,Tiger Shrimp
27.07,7.65,9.48,40.02,Brackish,Catfish
26.73,7.57,23.4,37.05,High Salinity,Milkfish
30.68,8.16,24.17,23.07,High Salinity,Whiteleg Shrimp
26.69,6.58,1.34,32.0,Freshwater,Tilapia
27.71,8.7,22.42,24.13,High Salinity,Tiger Shrimp
29.8,7.14,25.83,34.46,High Salinity,Milkfish
30.72,8.26,29.57,50.2,High Salinity,Tiger Shrimp
27.88,8.13,20.65,23.9,High Salinity,Tiger Shrimp
27.81,8.27,24.04,25.21,High Salinity,Tiger Shrimp
28.94,7.83,4.66,18.94,Freshwater,Catfish
27.06,8.17,30.6,41.46,High Salinity,Tiger Shrimp
26.34,6.82,2.36,29.42,Freshwater,Catfish
28.67,7.25,21.72,34.64,High Salinity,Tiger Shrimp
30.18,7.89,22.64,54.23,High Salinity,Whiteleg Shrimp
25.97,7.51,35.62,28.89,High Salinity,Milkfish
30.48,7.74,2.24,28.66,Freshwater,Catfish
31.81,8.13,24.95,48.74,High Salinity,Tiger Shrimp
31.29,7.11,24.7,28.46,High Salinity,Milkfish
29.79,7.55,0.45,28.05,Freshwater,Tilapia
30.41,7.04,0.48,15.85,Freshwater,Catfish
27.44,8.17,0.63,15.0,Freshwater,Tilapia
27.15,7.85,7.81,21.37,Brackish,Catfish
32.11,7.66,17.89,33.33,High Salinity,Milkfish
28.38,6.93,1.96,22.93,Freshwater,Catfish
29.45,8.25,19.53,26.39,High Salinity,Whiteleg Shrimp
29.7,7.46,5.7,14.04,Brackish,Tilapia
31.28,7.9,16.05,34.1,High Salinity,Whiteleg Shrimp
31.13,6.75,2.17,12.0,Freshwater,Catfish
31.2,8.54,23.96,47.9,High Salinity,Tiger Shrimp
30.97,8.18,22.17,36.44,High Salinity,Whiteleg Shrimp
31.63,7.4,13.56,36.49,Brackish,Milkfish
29.3,7.95,28.8,44.42,High Salinity,Tiger Shrimp
29.22,8.39,19.19,27.22,High Salinity,Whiteleg Shrimp
25.68,7.47,34.7,36.47,High Salinity,Milkfish
32.14,7.92,18.17,34.41,High Salinity,Whiteleg Shrimp
31.47,7.99,24.88,50.56,High Salinity,Whiteleg Shrimp
31.17,7.34,24.2,41.16,High Salinity,Milkfish
31.64,7.86,34.23,38.24,High Salinity,Milkfish
28.83,8.18,21.99,28.98,High Salinity,Whiteleg Shrimp
26.95,7.87,2.36,17.62,Freshwater,Tilapia
25.56,8.48,28.81,39.6,High Salinity,Milkfish
29.45,7.97,29.86,27.07,High Salinity,Tiger Shrimp
28.14,8.1,26.16,34.53,High Salinity,Whiteleg Shrimp
28.85,8.15,18.11,55.08,High Salinity,Tiger Shrimp
31.52,7.74,18.16,26.48,High Salinity,Whiteleg Shrimp
30.89,8.14,16.72,45.54,High Salinity,Whiteleg Shrimp
27.18,7.78,5.33,23.95,Brackish,Catfish
30.73,8.03,15.41,49.65,High Salinity,Tiger Shrimp
30.75,7.94,15.84,24.72,High Salinity,Milkfish
28.09,7.9,20.6,26.83,High Salinity,Whiteleg Shrimp
28.48,8.44,18.77,56.27,High Salinity,Tiger Shrimp
28.6,7.33,4.68,25.56,Freshwater,Catfish
28.93,7.57,7.27,41.98,Brackish,Catfish
27.23,7.0,8.08,13.82,Brackish,Catfish
29.81,8.38,26.98,53.94,High Salinity,Tiger Shrimp
31.8,7.74,10.11,27.57,Brackish,Milkfish
25.48,7.84,7.51,38.09,Brackish,Catfish
28.88,8.13,15.92,45.54,High Salinity,Whiteleg Shrimp
31.16,8.13,20.02,45.39,High Salinity,Whiteleg Shrimp
28.56,6.89,2.12,18.73,Freshwater,Tilapia
24.08,6.99,4.16,29.81,Freshwater,Tilapia
27.54,8.47,23.71,29.46,High Salinity,Milkfish
24.71,6.58,3.21,21.81,Freshwater,Catfish
24.59,6.48,5.98,20.69,Brackish,Tilapia
30.22,8.08,19.03,31.56,High Salinity,Tiger Shrimp
26.06,7.8,2.7,28.43,Freshwater,Tilapia
30.42,7.78,17.16,35.78,High Salinity,Whiteleg Shrimp
28.18,8.48,18.63,43.51,High Salinity,Tiger Shrimp
28.11,7.61,5.69,22.56,Brackish,Tilapia
27.4,6.78,4.32,25.38,Freshwater,Catfish
30.42,8.41,27.71,36.12,High Salinity,Tiger Shrimp
30.98,8.4,20.02,36.24,High Salinity,Tiger Shrimp
29.52,7.55,1.31,18.4,Freshwater,Tilapia
27.07,7.47,0.0,25.57,Freshwater,Tilapia
31.78,7.5,22.71,44.23,High Salinity,Whiteleg Shrimp
27.86,7.64,15.15,22.05,High Salinity,Milkfish
29.8,8.31,28.28,36.38,High Salinity,Tiger Shrimp
29.81,8.17,23.72,24.21,High Salinity,Tiger Shrimp
31.18,7.72,5.63,25.96,Brackish,Catfish
28.43,8.27,26.78,37.2,High Salinity,Tiger Shrimp
28.45,6.72,5.43,15.39,Brackish,Catfish
26.75,7.25,0.0,18.58,Freshwater,Tilapia
29.15,7.92,19.65,46.25,High Salinity,Tiger Shrimp
26.92,7.5,18.09,46.62,High Salinity,Tiger Shrimp
30.65,8.09,16.96,31.32,High Salinity,Whiteleg Shrimp
27.05,7.47,25.61,56.3,High Salinity,Tiger Shrimp
26.41,7.21,2.29,16.34,Freshwater,Tilapia
30.76,7.56,14.83,34.86,Brackish,Whiteleg Shrimp
28.09,7.9,16.67,52.73,High Salinity,Tiger Shrimp
28.71,7.59,4.22,24.35,Freshwater,Catfish
25.45,7.91,29.34,36.09,High Salinity,Milkfish
28.93,7.82,19.69,44.87,High Salinity,Tiger Shrimp
28.37,8.39,3.1,14.51,Freshwater,Tilapia
29.49,6.63,2.72,23.77,Freshwater,Catfish
30.83,7.72,15.51,41.53,High Salinity,Tiger Shrimp
28.64,8.77,23.1,49.24,High Salinity,Tiger Shrimp
27.52,7.94,28.31,33.55,High Salinity,Milkfish
28.9,7.75,14.46,40.75,Brackish,Whiteleg Shrimp
31.36,7.79,16.09,23.35,High Salinity,Whiteleg Shrimp
29.45,7.79,24.1,19.39,High Salinity,Whiteleg Shrimp
28.51,6.62,1.2,38.7,Freshwater,Catfish
27.5,7.62,32.71,37.61,High Salinity,Milkfish
25.78,7.31,8.96,35.92,Brackish,Catfish
28.42,7.27,1.07,26.66,Freshwater,Tilapia
25.26,6.77,1.04,7.93,Freshwater,Tilapia
24.37,8.02,2.87,17.18,Freshwater,Tilapia
26.0,7.14,3.99,29.94,Freshwater,Tilapia
29.09,7.4,2.35,24.72,Freshwater,Tilapia
29.72,7.67,23.25,24.62,High Salinity,Whiteleg Shrimp
25.16,6.97,0.86,40.5,Freshwater,Catfish
28.83,7.84,18.0,36.42,High Salinity,Whiteleg Shrimp
27.39,8.3,0.14,8.62,Freshwater,Tilapia
29.15,7.06,1.21,26.25,Freshwater,Catfish
28.15,7.5,0.26,19.74,Freshwater,Tilapia
29.76,6.89,3.26,23.59,Freshwater,Catfish
30.58,7.86,18.38,27.29,High Salinity,Whiteleg Shrimp
24.84,7.56,4.17,32.28,Freshwater,Tilapia
27.68,7.74,22.03,47.98,High Salinity,Whiteleg Shrimp
29.63,8.28,21.86,33.63,High Salinity,Whiteleg Shrimp
30.61,7.82,18.25,33.17,High Salinity,Tiger Shrimp
26.24,8.05,34.86,45.17,High Salinity,Milkfish
29.94,7.61,20.21,37.03,High Salinity,Tiger Shrimp
29.9,7.43,6.1,30.27,Brackish,Catfish
25.06,7.04,3.64,29.12,Freshwater,Catfish
29.08,7.93,4.08,10.27,Freshwater,Tilapia
28.28,6.49,3.42,25.6,Freshwater,Tilapia
29.97,7.95,19.5,26.82,High Salinity,Whiteleg Shrimp
32.1,8.39,18.43,49.48,High Salinity,Whiteleg Shrimp
27.36,6.96,2.34,13.35,Freshwater,Tilapia
30.14,7.69,6.49,28.59,Brackish,Catfish
30.8,7.91,29.35,42.32,High Salinity,Tiger Shrimp
29.57,7.61,21.01,25.12,High Salinity,Whiteleg Shrimp
29.88,7.88,29.86,39.14,High Salinity,Milkfish
29.77,8.47,3.03,7.8,Freshwater,Tilapia
29.23,7.3,17.29,27.97,High Salinity,Tiger Shrimp
25.97,7.97,16.88,27.38,High Salinity,Milkfish
29.57,8.28,17.05,45.33,High Salinity,Whiteleg Shrimp
28.73,8.19,14.72,45.43,Brackish,Whiteleg Shrimp
30.03,8.42,22.39,23.21,High Salinity,Whiteleg Shrimp
29.17,8.22,1.89,12.92,Freshwater,Tilapia
29.28,7.88,3.89,15.31,Freshwater,Tilapia
29.03,7.47,5.75,22.58,Brackish,Tilapia
27.5,7.43,4.29,31.57,Freshwater,Tilapia
28.17,8.72,12.94,35.81,Brackish,Milkfish
27.98,7.77,20.76,39.09,High Salinity,Whiteleg Shrimp
30.32,7.3,28.61,30.95,High Salinity,Milkfish
26.15,8.73,2.84,23.09,Freshwater,Tilapia
28.27,7.94,15.28,34.16,High Salinity,Whiteleg Shrimp
24.56,7.56,2.81,12.78,Freshwater,Tilapia
28.92,8.73,29.26,33.2,High Salinity,Tiger Shrimp
26.53,6.71,3.17,26.92,Freshwater,Catfish
24.06,7.28,0.0,14.9,Freshwater,Tilapia
25.7,8.63,0.0,14.98,Freshwater,Tilapia
25.66,8.01,5.3,22.75,Brackish,Tilapia
30.25,7.95,14.99,49.94,Brackish,Whiteleg Shrimp
29.24,7.93,2.37,16.75,Freshwater,Tilapia
29.94,7.45,26.74,33.26,High Salinity,Milkfish
30.49,7.3,0.0,26.13,Freshwater,Tilapia
26.87,8.57,25.13,28.11,High Salinity,Tiger Shrimp
25.02,7.54,3.88,18.74,Freshwater,Catfish
27.95,7.87,15.82,47.93,High Salinity,Tiger Shrimp
26.91,7.43,4.06,31.67,Freshwater,Catfish
26.28,6.42,4.0,37.33,Freshwater,Catfish
31.33,7.78,22.42,20.9,High Salinity,Whiteleg Shrimp
29.38,8.15,19.29,22.76,High Salinity,Whiteleg Shrimp
30.88,7.45,3.66,26.24,Freshwater,Catfish
31.45,8.4,23.32,36.6,High Salinity,Milkfish
29.67,7.0,26.97,30.09,High Salinity,Milkfish
30.94,7.5,17.69,42.63,High Salinity,Whiteleg Shrimp
29.42,6.84,10.63,30.82,Brackish,Milkfish
26.24,8.4,26.59,31.1,High Salinity,Milkfish
29.76,6.53,5.26,20.65,Brackish,Catfish
30.68,7.77,22.15,50.59,High Salinity,Whiteleg Shrimp
30.02,7.71,29.24,29.92,High Salinity,Milkfish
28.13,8.54,32.6,23.77,High Salinity,Milkfish
28.7,8.06,17.95,25.17,High Salinity,Whiteleg Shrimp
27.76,8.45,28.04,27.49,High Salinity,Milkfish
29.49,7.71,23.86,33.32,High Salinity,Whiteleg Shrimp
28.18,7.35,26.73,26.03,High Salinity,Milkfish
32.03,6.75,0.91,35.88,Freshwater,Catfish
30.2,7.68,16.5,31.1,High Salinity,Tiger Shrimp
29.22,8.16,17.88,38.2,High Salinity,Whiteleg Shrimp
25.69,7.35,2.83,19.56,Freshwater,Tilapia
25.8,7.89,23.98,22.27,High Salinity,Milkfish
30.97,8.55,21.66,37.91,High Salinity,Whiteleg Shrimp
30.26,7.72,23.91,29.45,High Salinity,Tiger Shrimp
31.41,7.17,11.72,29.99,Brackish,Milkfish
29.09,8.79,22.03,36.55,High Salinity,Whiteleg Shrimp
25.08,6.9,1.3,20.51,Freshwater,Tilapia
30.15,8.61,16.39,29.68,High Salinity,Whiteleg Shrimp
30.38,7.82,17.38,28.25,High Salinity,Whiteleg Shrimp
25.87,8.03,25.61,31.83,High Salinity,Milkfish
31.98,7.09,0.24,18.83,Freshwater,Catfish
31.91,7.44,12.49,30.44,Brackish,Milkfish
31.25,7.43,17.37,45.79,High Salinity,Milkfish
30.38,7.35,19.74,31.32,High Salinity,Milkfish
25.5,8.46,1.18,27.01,Freshwater,Tilapia
28.13,8.54,19.53,29.61,High Salinity,Tiger Shrimp
28.2,7.7,28.74,39.25,High Salinity,Tiger Shrimp
29.96,8.62,16.58,24.54,High Salinity,Whiteleg Shrimp
26.56,8.01,2.44,20.92,Freshwater,Tilapia
28.47,8.4,26.13,32.72,High Salinity,Tiger Shrimp
30.23,7.17,30.74,28.9,High Salinity,Milkfish
25.21,7.0,0.0,26.71,Freshwater,Catfish
27.95,8.47,20.45,42.48,High Salinity,Whiteleg Shrimp
28.71,7.92,20.56,47.3,High Salinity,Tiger Shrimp
28.97,8.06,22.76,29.6,High Salinity,Tiger Shrimp
26.8,8.14,31.76,16.53,High Salinity,Milkfish
30.27,8.02,19.6,35.73,High Salinity,Milkfish
24.77,8.23,5.01,17.05,Brackish,Tilapia
29.92,7.56,25.3,30.55,High Salinity,Milkfish
28.31,7.89,11.02,44.46,Brackish,Milkfish
28.96,7.57,0.43,17.82,Freshwater,Tilapia
28.73,7.83,21.06,42.86,High Salinity,Whiteleg Shrimp
29.19,8.05,19.61,38.79,High Salinity,Whiteleg Shrimp
28.79,8.18,24.44,49.71,High Salinity,Whiteleg Shrimp
27.39,7.2,2.31,23.35,Freshwater,Tilapia
31.66,7.93,0.61,29.46,Freshwater,Catfish
28.21,7.87,0.0,24.81,Freshwater,Catfish
30.76,8.35,13.13,23.41,Brackish,Milkfish
28.11,8.01,25.86,47.93,High Salinity,Tiger Shrimp
25.74,7.72,2.05,10.99,Freshwater,Tilapia
24.68,6.96,3.88,33.84,Freshwater,Catfish
28.93,7.95,23.06,49.06,High Salinity,Tiger Shrimp
28.44,7.35,29.19,34.26,High Salinity,Milkfish
26.24,7.15,0.0,29.35,Freshwater,Catfish
27.7,7.14,3.5,23.24,Freshwater,Tilapia
30.28,7.62,23.99,40.58,High Salinity,Milkfish
31.25,7.07,4.6,18.99,Freshwater,Catfish
30.22,8.65,27.15,39.32,High Salinity,Tiger Shrimp
30.46,7.89,20.2,34.28,High Salinity,Milkfish
26.66,7.63,32.97,20.52,High Salinity,Milkfish
26.3,7.83,1.48,25.4,Freshwater,Catfish
28.7,7.43,12.01,29.3,Brackish,Milkfish
27.45,7.62,30.99,40.45,High Salinity,Milkfish
30.25,8.43,17.54,47.26,High Salinity,Tiger Shrimp
27.77,7.88,23.99,27.28,High Salinity,Whiteleg Shrimp
29.56,7.8,14.79,26.51,Brackish,Whiteleg Shrimp
30.62,7.83,14.16,43.58,Brackish,Milkfish
27.87,7.65,5.0,37.97,Freshwater,Catfish
27.36,7.6,5.1,27.42,Brackish,Catfish
30.42,8.22,1.72,33.37,Freshwater,Catfish
28.31,7.68,30.25,36.29,High Salinity,Milkfish
30.08,7.85,25.83,42.66,High Salinity,Milkfish
28.47,6.58,0.0,6.14,Freshwater,Tilapia
28.25,6.36,7.4,26.54,Brackish,Catfish
27.91,6.63,7.79,29.69,Brackish,Catfish
32.02,8.36,18.84,32.02,High Salinity,Whiteleg Shrimp
28.13,7.0,4.39,13.01,Freshwater,Tilapia
25.41,7.4,3.3,39.41,Freshwater,Catfish
27.79,7.93,20.63,41.57,High Salinity,Tiger Shrimp
27.14,8.12,4.89,20.34,Freshwater,Tilapia
30.05,8.18,27.54,42.01,High Salinity,Tiger Shrimp
28.75,7.21,1.6,21.82,Freshwater,Tilapia
26.36,7.33,2.91,36.4,Freshwater,Catfish
29.16,7.37,10.69,44.38,Brackish,Milkfish
31.01,7.8,23.67,23.87,High Salinity,Whiteleg Shrimp
28.36,7.84,20.64,32.4,High Salinity,Tiger Shrimp
28.64,7.5,32.82,27.64,High Salinity,Milkfish
29.43,8.1,17.79,29.74,High Salinity,Tiger Shrimp
30.89,6.7,8.02,36.92,Brackish,Catfish
26.71,7.01,5.0,11.37,Freshwater,Tilapia
26.88,7.97,25.49,47.25,High Salinity,Milkfish
30.06,7.69,17.67,44.1,High Salinity,Tiger Shrimp
28.36,6.25,4.46,13.6,Freshwater,Tilapia
26.02,6.92,4.34,24.86,Freshwater,Catfish
30.4,7.74,14.31,27.14,Brackish,Whiteleg Shrimp
24.87,7.02,7.3,29.48,Brackish,Catfish
31.33,7.87,27.23,49.84,High Salinity,Tiger Shrimp
27.87,7.67,18.08,50.32,High Salinity,Whiteleg Shrimp
29.63,7.74,0.0,30.08,Freshwater,Catfish
26.02,7.21,6.28,19.98,Brackish,Catfish
29.39,8.35,19.7,49.38,High Salinity,Tiger Shrimp
30.27,7.98,28.55,21.8,High Salinity,Tiger Shrimp
25.38,8.67,33.11,31.07,High Salinity,Milkfish
25.96,6.62,5.56,28.69,Brackish,Catfish
29.25,8.12,2.95,24.69,Freshwater,Catfish
29.7,8.28,17.25,47.68,High Salinity,Whiteleg Shrimp
30.84,8.02,15.98,33.95,High Salinity,Whiteleg Shrimp
31.02,7.78,23.77,37.8,High Salinity,Tiger Shrimp
25.55,7.46,0.0,25.14,Freshwater,Tilapia
31.96,6.86,2.12,33.42,Freshwater,Catfish
28.06,8.22,22.74,24.28,High Salinity,Milkfish
28.79,7.98,16.79,31.13,High Salinity,Tiger Shrimp
30.64,7.63,18.28,37.73,High Salinity,Whiteleg Shrimp
28.17,7.8,0.76,35.63,Freshwater,Catfish
28.15,7.73,14.12,25.24,Brackish,Milkfish
29.92,7.62,3.26,10.32,Freshwater,Catfish
30.84,7.69,6.91,32.66,Brackish,Catfish
31.01,7.68,26.39,43.35,High Salinity,Tiger Shrimp
28.82,8.69,0.96,10.02,Freshwater,Tilapia
27.05,8.03,4.89,25.85,Freshwater,Catfish
28.36,7.73,20.87,39.15,High Salinity,Tiger Shrimp
29.71,6.6,0.69,19.0,Freshwater,Tilapia
31.36,6.63,4.49,41.59,Freshwater,Catfish
29.38,8.07,23.04,43.94,High Salinity,Tiger Shrimp
29.21,7.03,5.37,27.22,Brackish,Catfish
30.71,7.72,6.72,21.54,Brackish,Catfish
26.04,7.39,5.17,12.66,Brackish,Tilapia
28.23,8.02,22.94,31.92,High Salinity,Tiger Shrimp
27.65,6.64,4.05,20.97,Freshwater,Tilapia
27.38,6.93,2.79,11.08,Freshwater,Tilapia
25.78,7.66,0.16,37.18,Freshwater,Catfish
30.26,7.4,21.85,29.95,High Salinity,Milkfish
26.0,6.81,4.84,38.13,Freshwater,Catfish
27.59,6.95,1.69,25.17,Freshwater,Catfish
27.05,8.24,4.86,12.34,Freshwater,Tilapia
27.76,7.99,17.97,23.08,High Salinity,Tiger Shrimp
27.41,7.71,29.98,29.55,High Salinity,Tiger Shrimp
31.38,8.13,16.85,48.83,High Salinity,Whiteleg Shrimp
28.99,8.78,20.83,38.47,High Salinity,Whiteleg Shrimp
31.14,7.71,13.42,32.0,Brackish,Milkfish
27.87,7.64,32.57,23.66,High Salinity,Milkfish
28.92,7.51,24.31,47.35,High Salinity,Tiger Shrimp
26.83,7.42,5.68,20.4,Brackish,Catfish
27.57,7.64,24.77,50.53,High Salinity,Tiger Shrimp
30.61,6.98,0.0,28.79,Freshwater,Catfish
28.33,8.3,20.85,41.42,High Salinity,Whiteleg Shrimp
26.9,7.68,16.96,39.39,High Salinity,Milkfish
25.51,7.06,6.1,25.52,Brackish,Catfish
28.2,6.8,3.72,13.46,Freshwater,Tilapia
30.87,8.29,30.69,38.35,High Salinity,Milkfish
30.09,8.06,22.7,44.4,High Salinity,Tiger Shrimp
25.9,8.32,3.65,27.43,Freshwater,Tilapia
31.65,8.03,22.65,38.9,High Salinity,Tiger Shrimp
27.48,7.57,23.84,26.62,High Salinity,Milkfish
31.67,7.6,22.38,40.07,High Salinity,Milkfish
26.49,7.31,34.29,42.81,High Salinity,Milkfish
28.08,7.99,3.92,34.02,Freshwater,Tilapia
30.34,8.18,13.39,28.39,Brackish,Milkfish
28.88,7.36,27.77,33.47,High Salinity,Milkfish
29.19,7.52,17.23,40.89,High Salinity,Whiteleg Shrimp
24.42,7.24,7.03,34.21,Brackish,Catfish
26.66,6.78,4.31,17.84,Freshwater,Tilapia
30.77,7.4,25.49,36.6,High Salinity,Milkfish
25.7,6.98,22.8,33.06,High Salinity,Milkfish
24.79,6.42,2.53,15.58,Freshwater,Tilapia
29.29,7.0,4.37,27.18,Freshwater,Catfish
25.4,8.37,2.04,23.87,Freshwater,Tilapia
30.14,7.85,18.08,23.81,High Salinity,Milkfish
28.06,7.16,1.78,27.71,Freshwater,Catfish
30.14,8.43,27.35,54.44,High Salinity,Tiger Shrimp
28.19,7.58,5.69,35.11,Brackish,Catfish
28.38,8.35,5.08,24.03,Brackish,Tilapia
24.97,7.43,4.92,18.91,Freshwater,Catfish
30.59,7.93,15.45,27.07,High Salinity,Tiger Shrimp
29.66,8.57,24.36,37.45,High Salinity,Tiger Shrimp
30.6,7.69,21.72,22.03,High Salinity,Milkfish
27.6,7.3,25.04,25.15,High Salinity,Milkfish
28.35,8.52,22.27,23.13,High Salinity,Whiteleg Shrimp
31.2,8.71,29.58,26.76,High Salinity,Milkfish
26.82,8.14,3.79,27.15,Freshwater,Tilapia
32.03,8.58,20.98,33.2,High Salinity,Whiteleg Shrimp
31.25,7.73,22.41,32.03,High Salinity,Whiteleg Shrimp
30.25,8.16,31.52,32.66,High Salinity,Tiger Shrimp
29.1,8.28,0.26,21.99,Freshwater,Tilapia
29.32,7.93,27.21,48.66,High Salinity,Tiger Shrimp
31.29,8.23,15.55,35.75,High Salinity,Tiger Shrimp
25.08,7.45,5.57,25.23,Brackish,Tilapia
28.84,6.6,1.41,36.42,Freshwater,Catfish
29.84,6.88,0.51,29.75,Freshwater,Tilapia
29.03,6.69,0.0,30.24,Freshwater,Tilapia
28.92,8.06,28.47,35.35,High Salinity,Tiger Shrimp
31.58,8.27,24.3,35.85,High Salinity,Milkfish
30.11,7.65,19.77,35.76,High Salinity,Milkfish
26.4,7.18,2.99,27.51,Freshwater,Catfish
30.73,7.8,17.51,41.87,High Salinity,Whiteleg Shrimp
30.2,7.66,30.57,22.71,High Salinity,Tiger Shrimp
28.57,7.81,26.27,22.43,High Salinity,Tiger Shrimp
29.95,7.89,0.0,22.99,Freshwater,Tilapia
27.4,8.2,28.09,54.39,High Salinity,Tiger Shrimp
27.63,8.28,20.93,28.58,High Salinity,Milkfish
27.76,8.67,3.37,13.7,Freshwater,Tilapia
28.19,8.46,16.8,23.37,High Salinity,Milkfish
30.29,7.42,13.14,23.49,Brackish,Milkfish
27.69,6.68,1.92,6.4,Freshwater,Tilapia
26.31,6.93,5.01,12.05,Brackish,Tilapia
27.98,6.99,34.76,30.95,High Salinity,Milkfish
28.59,8.12,1.83,20.03,Freshwater,Tilapia
27.77,8.53,26.47,46.43,High Salinity,Tiger Shrimp
30.82,7.71,22.66,29.93,High Salinity,Whiteleg Shrimp
32.92,7.89,33.0,27.9,High Salinity,Milkfish
27.91,8.14,24.87,49.37,High Salinity,Whiteleg Shrimp
30.64,7.68,19.57,27.7,High Salinity,Whiteleg Shrimp
28.29,7.7,23.8,23.06,High Salinity,Whiteleg Shrimp
29.8,7.94,1.0,27.63,Freshwater,Catfish
27.91,8.26,29.83,26.68,High Salinity,Tiger Shrimp
29.27,8.28,25.17,26.36,High Salinity,Tiger Shrimp
29.16,7.97,14.79,47.24,Brackish,Milkfish
26.96,7.09,3.64,28.86,Freshwater,Catfish
30.38,8.55,19.66,17.36,High Salinity,Whiteleg Shrimp
25.14,6.59,2.15,21.94,Freshwater,Tilapia
28.66,7.45,17.66,47.72,High Salinity,Milkfish
27.62,7.96,22.11,41.57,High Salinity,Tiger Shrimp
31.25,8.27,22.41,33.57,High Salinity,Whiteleg Shrimp
29.1,7.45,15.1,20.46,High Salinity,Whiteleg Shrimp
31.3,8.38,16.91,53.12,High Salinity,Whiteleg Shrimp
30.07,7.48,16.92,39.51,High Salinity,Milkfish
25.89,7.18,13.07,28.31,Brackish,Milkfish
32.16,7.14,35.34,29.27,High Salinity,Milkfish
31.43,8.32,25.9,44.01,High Salinity,Whiteleg Shrimp
29.85,7.68,17.2,30.99,High Salinity,Whiteleg Shrimp
24.83,7.08,2.96,16.57,Freshwater,Catfish
29.98,7.48,4.66,20.78,Freshwater,Catfish
31.6,8.12,7.71,20.53,Brackish,Catfish
30.5,7.16,6.89,26.95,Brackish,Catfish
29.37,7.35,18.83,25.47,High Salinity,Whiteleg Shrimp
27.74,8.17,32.66,35.68,High Salinity,Milkfish
25.6,6.87,1.5,19.05,Freshwater,Tilapia
25.87,7.61,4.65,12.96,Freshwater,Tilapia
28.83,7.04,0.0,11.7,Freshwater,Tilapia
28.46,7.87,24.73,35.91,High Salinity,Whiteleg Shrimp
25.95,8.05,15.55,19.6,High Salinity,Milkfish
27.97,8.54,4.37,29.08,Freshwater,Tilapia
25.39,7.22,2.96,12.75,Freshwater,Catfish
31.18,7.45,22.75,38.99,High Salinity,Whiteleg Shrimp
29.04,8.29,1.69,27.64,Freshwater,Tilapia
32.32,7.58,20.63,39.57,High Salinity,Whiteleg Shrimp
25.04,7.42,2.13,12.32,Freshwater,Tilapia
29.35,6.61,0.0,21.81,Freshwater,Catfish
25.68,6.39,2.86,25.93,Freshwater,Tilapia
27.03,6.71,2.48,14.96,Freshwater,Tilapia
29.77,7.94,0.0,19.92,Freshwater,Tilapia
30.05,7.67,26.12,44.75,High Salinity,Whiteleg Shrimp
25.21,7.13,5.78,32.73,Brackish,Catfish
27.27,7.83,21.79,15.53,High Salinity,Milkfish
28.89,7.93,8.5,26.35,Brackish,Catfish
30.96,8.25,30.45,42.18,High Salinity,Tiger Shrimp
28.8,7.99,15.91,32.42,High Salinity,Whiteleg Shrimp
26.45,8.38,22.09,39.7,High Salinity,Milkfish
26.11,7.74,29.01,52.67,High Salinity,Tiger Shrimp
28.26,6.79,3.71,12.35,Freshwater,Tilapia
30.15,6.88,4.55,30.01,Freshwater,Catfish
25.76,7.51,4.43,26.28,Freshwater,Catfish
30.65,7.47,0.0,28.62,Freshwater,Catfish
30.8,8.02,18.29,29.85,High Salinity,Whiteleg Shrimp
31.38,6.97,1.85,34.07,Freshwater,Catfish
30.34,7.61,19.59,44.3,High Salinity,Whiteleg Shrimp
27.57,8.14,20.55,53.96,High Salinity,Tiger Shrimp
30.6,8.04,19.88,36.94,High Salinity,Whiteleg Shrimp
31.91,7.55,3.51,26.62,Freshwater,Catfish
30.4,7.31,22.05,22.69,High Salinity,Whiteleg Shrimp
29.7,7.6,15.21,52.12,High Salinity,Whiteleg Shrimp
29.32,8.32,6.65,25.46,Brackish,Tilapia
26.91,7.79,1.26,24.54,Freshwater,Tilapia
28.78,7.84,22.86,23.83,High Salinity,Whiteleg Shrimp
30.24,8.09,0.0,20.1,Freshwater,Tilapia
24.1,7.77,4.43,13.97,Freshwater,Tilapia
32.03,7.48,27.54,32.73,High Salinity,Milkfish
30.35,8.31,12.01,48.52,Brackish,Milkfish
31.37,6.77,2.51,31.59,Freshwater,Catfish
28.77,6.54,4.26,15.52,Freshwater,Tilapia
30.92,6.9,3.38,33.66,Freshwater,Catfish
28.94,7.67,18.43,41.93,High Salinity,Tiger Shrimp
29.56,7.82,28.02,32.31,High Salinity,Tiger Shrimp
30.29,8.37,21.17,27.36,High Salinity,Whiteleg Shrimp
29.05,7.13,3.14,36.32,Freshwater,Catfish
28.56,7.58,35.33,40.06,High Salinity,Milkfish
27.74,7.34,28.38,45.3,High Salinity,Milkfish
29.21,8.15,20.67,21.57,High Salinity,Whiteleg Shrimp
28.43,8.61,18.6,29.4,High Salinity,Whiteleg Shrimp
32.25,8.0,22.07,37.7,High Salinity,Whiteleg Shrimp
25.58,6.91,4.41,18.47,Freshwater,Tilapia
26.84,6.85,2.47,31.08,Freshwater,Catfish
30.32,8.68,1.1,17.11,Freshwater,Tilapia
28.78,8.23,26.26,46.42,High Salinity,Tiger Shrimp
31.11,7.52,23.75,36.63,High Salinity,Whiteleg Shrimp
28.92,7.63,21.28,45.31,High Salinity,Whiteleg Shrimp
28.16,7.98,12.03,35.93,Brackish,Milkfish
26.81,8.34,1.51,20.3,Freshwater,Tilapia
25.24,7.37,31.31,34.3,High Salinity,Milkfish
28.62,8.15,17.16,23.85,High Salinity,Whiteleg Shrimp
28.85,6.69,5.29,30.91,Brackish,Tilapia
27.81,8.35,25.86,29.9,High Salinity,Milkfish
30.56,8.05,0.96,26.21,Freshwater,Catfish
28.55,7.69,28.83,41.22,High Salinity,Tiger Shrimp
29.1,8.24,32.78,31.75,High Salinity,Milkfish
26.51,7.34,28.86,18.72,High Salinity,Milkfish
28.21,7.96,15.55,22.86,High Salinity,Milkfish
30.73,7.2,3.03,41.73,Freshwater,Catfish
27.23,7.62,3.91,24.46,Freshwater,Tilapia
26.04,7.98,4.86,12.2,Freshwater,Tilapia
24.83,7.83,0.0,12.5,Freshwater,Tilapia
28.35,8.32,28.39,52.07,High Salinity,Tiger Shrimp
27.4,7.85,19.18,40.29,High Salinity,Milkfish
28.01,7.98,26.24,54.06,High Salinity,Tiger Shrimp
30.56,8.42,22.68,50.84,High Salinity,Whiteleg Shrimp
30.66,7.58,15.26,36.98,High Salinity,Tiger Shrimp
31.52,7.97,22.43,51.85,High Salinity,Whiteleg Shrimp
28.93,7.88,29.87,41.39,High Salinity,Milkfish
29.97,6.81,4.87,17.47,Freshwater,Tilapia
28.59,7.42,23.64,21.2,High Salinity,Milkfish
30.6,8.46,17.8,30.81,High Salinity,Whiteleg Shrimp
30.16,8.07,2.58,6.33,Freshwater,Tilapia
27.3,7.77,26.0,44.28,High Salinity,Tiger Shrimp
28.36,7.94,21.85,34.23,High Salinity,Whiteleg Shrimp
29.2,7.97,18.3,46.94,High Salinity,Whiteleg Shrimp
26.96,7.52,1.93,30.87,Freshwater,Tilapia
28.98,7.62,21.66,47.38,High Salinity,Tiger Shrimp
28.51,8.25,24.81,41.71,High Salinity,Milkfish
30.51,8.05,22.32,18.97,High Salinity,Milkfish
25.64,7.31,0.0,37.45,Freshwater,Catfish
28.0,7.65,27.19,56.37,High Salinity,Tiger Shrimp
26.98,7.2,2.87,36.74,Freshwater,Catfish
30.39,7.46,22.04,37.82,High Salinity,Tiger Shrimp
29.07,7.52,19.23,28.95,High Salinity,Whiteleg Shrimp
29.26,8.38,15.21,46.33,High Salinity,Milkfish
28.35,8.18,32.27,18.12,High Salinity,Milkfish
26.38,7.74,20.03,35.08,High Salinity,Tiger Shrimp
25.6,7.64,0.0,23.78,Freshwater,Tilapia
29.19,8.5,19.15,21.43,High Salinity,Whiteleg Shrimp
29.92,7.35,18.29,38.26,High Salinity,Milkfish
30.14,7.9,5.63,33.39,Brackish,Catfish
25.19,7.43,7.98,34.6,Brackish,Catfish
27.18,7.67,3.04,24.82,Freshwater,Tilapia
28.99,8.1,26.72,28.29,High Salinity,Tiger Shrimp
26.7,8.08,30.12,22.51,High Salinity,Milkfish
25.24,7.59,5.97,27.7,Brackish,Tilapia
25.4,6.74,2.98,42.41,Freshwater,Catfish
28.48,7.46,25.69,38.72,High Salinity,Tiger Shrimp
27.95,8.63,16.75,43.89,High Salinity,Whiteleg Shrimp
28.65,6.37,0.0,39.2,Freshwater,Catfish
29.35,7.71,17.35,23.37,High Salinity,Milkfish
27.3,7.86,0.04,22.56,Freshwater,Catfish
25.96,7.27,6.78,39.9,Brackish,Catfish
28.73,7.84,28.14,42.65,High Salinity,Tiger Shrimp
31.16,8.37,16.23,28.78,High Salinity,Milkfish
27.91,8.08,19.37,24.75,High Salinity,Tiger Shrimp
27.81,7.85,27.98,47.51,High Salinity,Tiger Shrimp
28.05,7.98,2.22,28.32,Freshwater,Tilapia
30.23,6.78,5.61,16.47,Brackish,Tilapia
29.6,7.72,15.98,31.16,High Salinity,Tiger Shrimp
28.84,7.98,16.18,43.67,High Salinity,Whiteleg Shrimp
27.96,7.82,21.05,50.67,High Salinity,Tiger Shrimp
28.56,8.39,16.26,37.12,High Salinity,Whiteleg Shrimp
26.89,8.21,32.04,46.24,High Salinity,Milkfish
26.98,8.08,29.16,36.93,High Salinity,Milkfish
29.45,7.89,14.2,33.13,Brackish,Milkfish
31.04,8.16,16.44,31.64,High Salinity,Whiteleg Shrimp
27.97,8.17,17.05,35.81,High Salinity,Whiteleg Shrimp
25.67,8.1,26.65,34.31,High Salinity,Milkfish
24.48,7.69,4.64,33.13,Freshwater,Catfish
30.77,8.31,23.08,29.98,High Salinity,Whiteleg Shrimp
30.63,8.71,24.74,31.33,High Salinity,Tiger Shrimp
29.48,7.84,18.63,18.07,High Salinity,Milkfish
28.93,7.46,14.12,29.24,Brackish,Milkfish
27.51,7.36,19.67,51.66,High Salinity,Whiteleg Shrimp
30.15,7.71,19.31,20.91,High Salinity,Whiteleg Shrimp
25.71,6.67,1.45,34.14,Freshwater,Catfish
30.47,8.46,26.28,28.61,High Salinity,Tiger Shrimp
29.23,7.96,8.97,35.02,Brackish,Catfish
28.59,6.36,3.16,24.23,Freshwater,Catfish
29.43,8.14,0.34,26.11,Freshwater,Tilapia
28.32,7.69,23.18,30.77,High Salinity,Whiteleg Shrimp
30.72,7.26,15.34,44.59,High Salinity,Whiteleg Shrimp
29.91,6.83,0.0,21.13,Freshwater,Catfish
30.81,7.94,24.17,40.47,High Salinity,Whiteleg Shrimp
25.65,7.56,30.2,22.36,High Salinity,Milkfish
28.31,8.56,21.97,36.36,High Salinity,Tiger Shrimp
28.95,7.93,27.56,39.05,High Salinity,Milkfish
31.04,8.27,23.91,46.75,High Salinity,Whiteleg Shrimp
30.51,7.32,3.2,30.9,Freshwater,Catfish
29.38,8.14,1.9,24.83,Freshwater,Tilapia
31.89,8.3,26.55,22.44,High Salinity,Milkfish
26.09,6.74,1.1,31.14,Freshwater,Tilapia
32.38,7.85,30.02,24.74,High Salinity,Milkfish
29.55,8.51,22.99,38.78,High Salinity,Whiteleg Shrimp
32.32,8.35,22.53,39.98,High Salinity,Milkfish
25.07,7.82,3.24,22.23,Freshwater,Tilapia
31.99,7.11,7.18,17.04,Brackish,Catfish
24.34,6.94,2.85,21.16,Freshwater,Tilapia
27.65,7.12,24.74,40.61,High Salinity,Milkfish
30.71,7.18,10.63,21.11,Brackish,Milkfish
32.42,8.09,19.39,46.08,High Salinity,Whiteleg Shrimp
29.67,7.61,2.21,28.52,Freshwater,Catfish
28.86,7.68,16.08,50.13,High Salinity,Tiger Shrimp
28.2,7.77,23.05,39.5,High Salinity,Tiger Shrimp
30.54,7.69,19.58,45.92,High Salinity,Whiteleg Shrimp
30.63,8.42,21.47,21.17,High Salinity,Whiteleg Shrimp
28.15,7.73,23.67,27.82,High Salinity,Tiger Shrimp
29.45,8.26,26.88,54.03,High Salinity,Tiger Shrimp
28.49,8.12,21.84,30.02,High Salinity,Tiger Shrimp
26.2,7.01,4.06,16.62,Freshwater,Tilapia
29.7,7.96,21.65,41.05,High Salinity,Tiger Shrimp
27.72,7.44,14.63,22.11,Brackish,Milkfish
30.42,7.94,14.46,46.16,Brackish,Tiger Shrimp
31.42,8.06,20.98,51.35,High Salinity,Tiger Shrimp
32.13,7.69,24.87,16.55,High Salinity,Whiteleg Shrimp
26.63,8.71,27.18,56.64,High Salinity,Tiger Shrimp
28.7,7.39,28.69,38.39,High Salinity,Milkfish
31.58,8.36,14.96,18.09,Brackish,Milkfish
31.86,8.68,18.3,37.26,High Salinity,Whiteleg Shrimp
29.65,7.75,15.85,47.93,High Salinity,Whiteleg Shrimp
28.63,7.12,18.76,30.62,High Salinity,Milkfish
24.52,7.98,0.53,20.03,Freshwater,Tilapia
26.17,8.32,22.34,38.39,High Salinity,Tiger Shrimp
31.08,8.33,23.86,32.61,High Salinity,Tiger Shrimp
29.69,7.87,18.24,32.88,High Salinity,Tiger Shrimp
29.84,8.18,15.73,26.55,High Salinity,Milkfish
25.61,7.22,1.56,29.26,Freshwater,Catfish
28.79,7.88,25.22,42.64,High Salinity,Tiger Shrimp
30.06,7.28,1.97,28.13,Freshwater,Tilapia
27.85,7.84,34.17,40.71,High Salinity,Milkfish
31.17,8.24,22.97,29.11,High Salinity,Tiger Shrimp
27.56,6.51,0.54,20.47,Freshwater,Tilapia
26.55,8.1,4.37,9.57,Freshwater,Tilapia
28.5,8.64,24.17,47.65,High Salinity,Tiger Shrimp
27.9,8.45,0.0,23.37,Freshwater,Tilapia
25.21,7.6,1.59,23.72,Freshwater,Catfish
26.95,7.59,1.34,20.49,Freshwater,Catfish
28.03,7.43,31.24,50.99,High Salinity,Tiger Shrimp
29.25,7.9,22.74,32.06,High Salinity,Tiger Shrimp
28.05,7.53,0.0,37.16,Freshwater,Catfish
29.56,7.6,18.48,40.7,High Salinity,Whiteleg Shrimp
27.97,7.67,2.32,9.81,Freshwater,Tilapia
31.02,7.35,18.96,53.14,High Salinity,Tiger Shrimp
31.39,7.73,18.41,48.83,High Salinity,Tiger Shrimp
30.0,8.49,16.84,24.88,High Salinity,Milkfish
27.07,7.92,25.42,48.58,High Salinity,Tiger Shrimp
29.19,7.79,33.19,35.29,High Salinity,Milkfish
31.22,8.06,15.37,21.92,High Salinity,Milkfish
30.36,8.39,25.03,29.7,High Salinity,Tiger Shrimp
28.01,7.16,5.79,32.27,Brackish,Tilapia
27.78,7.54,31.29,27.73,High Salinity,Milkfish
28.52,7.49,18.2,27.53,High Salinity,Whiteleg Shrimp
27.97,7.54,22.61,24.07,High Salinity,Whiteleg Shrimp
32.11,7.17,25.7,25.26,High Salinity,Milkfish
28.08,7.38,18.98,26.99,High Salinity,Tiger Shrimp
32.09,8.04,16.15,46.05,High Salinity,Whiteleg Shrimp
30.05,7.12,0.0,5.97,Freshwater,Tilapia
24.58,7.32,1.9,31.68,Freshwater,Tilapia
30.54,7.52,0.96,23.83,Freshwater,Catfish
29.18,8.29,15.94,22.56,High Salinity,Whiteleg Shrimp
26.64,7.86,1.5,33.57,Freshwater,Catfish
26.96,7.0,0.0,7.45,Freshwater,Tilapia
31.15,6.98,3.2,26.21,Freshwater,Catfish
29.22,7.9,19.69,36.53,High Salinity,Tiger Shrimp
24.94,7.22,0.0,23.34,Freshwater,Tilapia
29.22,7.86,29.01,20.07,High Salinity,Milkfish
31.3,7.34,16.65,34.95,High Salinity,Whiteleg Shrimp
29.69,7.93,19.07,35.53,High Salinity,Whiteleg Shrimp
27.91,7.18,2.6,11.24,Freshwater,Tilapia
31.16,7.87,18.4,24.24,High Salinity,Whiteleg Shrimp
26.88,6.82,2.72,28.21,Freshwater,Tilapia
29.56,8.2,20.84,43.47,High Salinity,Whiteleg Shrimp
30.01,7.97,4.25,17.8,Freshwater,Catfish
31.96,7.53,5.84,22.0,Brackish,Catfish
31.14,8.37,17.47,27.44,High Salinity,Milkfish
31.59,7.48,20.82,38.09,High Salinity,Whiteleg Shrimp
29.05,7.27,20.82,21.37,High Salinity,Whiteleg Shrimp
29.02,8.48,19.27,37.19,High Salinity,Whiteleg Shrimp
29.88,7.49,1.5,11.96,Freshwater,Tilapia
29.6,8.24,23.21,29.86,High Salinity,Whiteleg Shrimp
26.69,7.49,0.0,32.97,Freshwater,Catfish
31.65,8.17,14.92,43.63,Brackish,Milkfish
30.11,8.02,30.19,34.97,High Salinity,Milkfish
28.76,8.59,20.37,44.24,High Salinity,Tiger Shrimp
28.19,7.33,23.89,38.28,High Salinity,Milkfish
30.69,6.72,3.1,25.13,Freshwater,Catfish
26.37,7.59,5.8,41.11,Brackish,Catfish
27.92,8.41,23.74,25.75,High Salinity,Tiger Shrimp
28.56,8.2,0.0,24.46,Freshwater,Tilapia
28.7,8.34,19.08,44.96,High Salinity,Whiteleg Shrimp
29.62,7.45,17.29,38.66,High Salinity,Tiger Shrimp
29.14,7.85,20.09,51.64,High Salinity,Whiteleg Shrimp
26.62,7.28,3.93,6.3,Freshwater,Tilapia
31.07,7.07,2.79,14.81,Freshwater,Catfish
29.13,7.83,25.91,28.71,High Salinity,Tiger Shrimp
32.69,7.76,9.46,23.67,Brackish,Catfish
29.8,7.77,12.27,39.89,Brackish,Milkfish
30.52,8.52,12.55,29.37,Brackish,Milkfish
28.64,8.19,23.92,42.05,High Salinity,Whiteleg Shrimp
26.13,7.37,1.58,25.67,Freshwater,Tilapia
27.63,6.83,3.34,41.06,Freshwater,Catfish
30.39,8.63,13.34,21.44,Brackish,Milkfish
28.74,7.06,4.06,7.69,Freshwater,Tilapia
30.94,6.84,0.89,40.38,Freshwater,Catfish
31.22,7.4,7.52,20.86,Brackish,Catfish
30.06,8.44,11.72,44.58,Brackish,Milkfish
27.69,6.77,2.95,27.84,Freshwater,Tilapia
31.94,7.78,26.43,33.93,High Salinity,Milkfish
27.12,6.77,0.48,24.49,Freshwater,Catfish
32.56,6.82,32.72,25.05,High Salinity,Milkfish
27.18,7.86,14.04,40.92,Brackish,Milkfish
25.92,6.81,3.78,18.79,Freshwater,Catfish
27.44,8.17,2.21,12.35,Freshwater,Tilapia
28.16,7.44,6.4,36.56,Brackish,Catfish
29.34,7.63,8.96,39.16,Brackish,Milkfish
25.29,7.5,7.43,18.61,Brackish,Catfish
30.86,7.6,32.2,43.47,High Salinity,Milkfish
28.49,7.73,3.2,25.16,Freshwater,Tilapia
30.34,7.77,14.52,31.91,Brackish,Whiteleg Shrimp
28.75,8.18,18.71,40.29,High Salinity,Tiger Shrimp
29.35,8.2,27.32,35.28,High Salinity,Tiger Shrimp
26.3,6.54,6.48,37.35,Brackish,Catfish
31.5,8.57,30.37,38.69,High Salinity,Tiger Shrimp
28.13,8.13,27.11,38.04,High Salinity,Tiger Shrimp
28.69,8.2,26.57,46.16,High Salinity,Tiger Shrimp
28.2,8.39,4.02,21.91,Freshwater,Tilapia
30.92,6.26,2.55,37.62,Freshwater,Catfish
28.19,7.62,25.52,39.77,High Salinity,Tiger Shrimp
27.05,7.61,14.97,42.69,Brackish,Tiger Shrimp
28.4,7.94,26.0,48.28,High Salinity,Tiger Shrimp
26.18,6.98,4.55,16.95,Freshwater,Catfish
30.95,8.03,16.47,23.6,High Salinity,Whiteleg Shrimp
28.91,7.82,19.66,37.64,High Salinity,Whiteleg Shrimp
30.77,6.89,0.7,32.23,Freshwater,Catfish
30.97,7.59,35.11,48.94,High Salinity,Milkfish
29.37,7.24,18.32,44.66,High Salinity,Milkfish
25.72,7.97,4.49,24.81,Freshwater,Catfish
31.49,7.25,4.51,33.54,Freshwater,Catfish
29.33,8.4,18.02,33.85,High Salinity,Whiteleg Shrimp
29.92,7.96,26.91,27.29,High Salinity,Tiger Shrimp
26.08,7.97,2.56,11.0,Freshwater,Tilapia
29.74,8.49,15.91,24.55,High Salinity,Tiger Shrimp
25.93,6.79,6.57,21.62,Brackish,Catfish
26.75,7.73,4.33,9.39,Freshwater,Tilapia
28.12,7.46,0.0,26.17,Freshwater,Tilapia
26.78,7.74,2.97,19.67,Freshwater,Tilapia
25.24,7.32,4.24,18.02,Freshwater,Tilapia
29.82,7.88,19.06,31.07,High Salinity,Whiteleg Shrimp
26.14,8.26,0.0,18.3,Freshwater,Tilapia
27.92,7.51,11.46,16.25,Brackish,Milkfish
29.58,8.04,20.92,45.43,High Salinity,Tiger Shrimp
32.5,7.13,4.96,13.88,Freshwater,Catfish
27.31,8.05,15.48,22.22,High Salinity,Whiteleg Shrimp
29.06,8.1,5.21,32.87,Brackish,Catfish
31.23,7.18,5.36,30.2,Brackish,Catfish
26.25,7.37,1.38,9.52,Freshwater,Tilapia
27.82,8.05,19.17,48.71,High Salinity,Tiger Shrimp
28.13,7.98,23.71,40.86,High Salinity,Tiger Shrimp
28.36,7.19,22.93,25.94,High Salinity,Milkfish
30.06,6.82,4.37,37.07,Freshwater,Catfish
27.63,8.39,5.67,13.52,Brackish,Tilapia
27.3,8.29,18.83,34.62,High Salinity,Milkfish
29.8,7.64,23.05,45.64,High Salinity,Milkfish
26.8,8.42,10.71,27.25,Brackish,Milkfish
30.37,7.02,13.63,24.47,Brackish,Milkfish
28.55,8.44,24.83,32.25,High Salinity,Tiger Shrimp
28.15,7.32,24.91,39.03,High Salinity,Milkfish
28.08,8.15,0.58,16.21,Freshwater,Tilapia
28.41,6.97,2.97,30.47,Freshwater,Catfish
29.91,7.58,15.28,29.32,High Salinity,Milkfish
28.68,8.19,19.92,27.9,High Salinity,Milkfish
28.34,8.56,33.92,39.19,High Salinity,Milkfish
28.76,6.91,4.1,18.74,Freshwater,Tilapia
26.56,7.28,2.69,15.28,Freshwater,Tilapia
25.68,7.28,8.32,38.38,Brackish,Catfish
32.0,6.85,0.0,25.82,Freshwater,Catfish
31.33,7.58,4.94,29.57,Freshwater,Catfish
29.14,8.17,25.02,36.17,High Salinity,Tiger Shrimp
28.09,7.32,20.29,29.67,High Salinity,Milkfish
25.31,6.59,0.0,18.02,Freshwater,Tilapia
25.04,6.8,2.49,20.52,Freshwater,Tilapia
31.58,8.33,22.08,28.13,High Salinity,Whiteleg Shrimp
27.65,8.24,25.81,36.1,High Salinity,Tiger Shrimp
29.76,7.93,3.99,19.98,Freshwater,Tilapia
29.53,8.6,19.19,33.96,High Salinity,Whiteleg Shrimp
31.77,6.92,0.0,34.94,Freshwater,Catfish
30.29,8.18,33.86,38.27,High Salinity,Milkfish
31.29,6.86,3.27,15.61,Freshwater,Catfish
25.36,7.5,1.85,11.04,Freshwater,Tilapia
27.6,8.52,27.74,34.67,High Salinity,Tiger Shrimp
24.95,7.83,0.74,16.77,Freshwater,Tilapia
24.36,7.26,1.48,17.17,Freshwater,Tilapia
28.8,7.04,3.4,31.08,Freshwater,Catfish
27.48,7.43,18.42,35.45,High Salinity,Milkfish
31.27,7.9,24.2,27.34,High Salinity,Whiteleg Shrimp
26.82,7.64,27.74,47.98,High Salinity,Milkfish
26.68,8.39,3.43,11.3,Freshwater,Tilapia
30.91,7.3,5.29,26.99,Brackish,Catfish
27.14,7.79,11.35,26.33,Brackish,Milkfish
24.4,8.2,3.19,32.55,Freshwater,Catfish
30.87,8.48,15.99,26.01,High Salinity,Whiteleg Shrimp
23.77,6.74,0.99,25.03,Freshwater,Tilapia
31.84,7.96,23.4,33.83,High Salinity,Whiteleg Shrimp
26.76,8.63,12.8,35.69,Brackish,Milkfish
28.95,7.36,7.23,34.14,Brackish,Catfish
31.12,6.89,5.02,23.99,Brackish,Catfish
28.13,7.11,5.24,33.21,Brackish,Catfish
30.82,8.2,20.72,20.93,High Salinity,Whiteleg Shrimp
24.81,8.29,2.44,13.58,Freshwater,Tilapia
31.4,7.84,21.47,28.31,High Salinity,Whiteleg Shrimp
32.29,8.24,15.56,20.77,High Salinity,Whiteleg Shrimp
27.81,7.9,1.17,26.26,Freshwater,Catfish
28.2,7.16,1.95,24.71,Freshwater,Catfish
30.73,8.17,18.04,29.6,High Salinity,Tiger Shrimp
30.35,8.46,34.03,38.61,High Salinity,Milkfish
28.89,7.78,23.91,42.76,High Salinity,Whiteleg Shrimp
29.0,7.47,2.32,11.93,Freshwater,Tilapia
28.9,7.3,5.89,27.68,Brackish,Catfish
30.79,6.93,2.31,18.88,Freshwater,Catfish
30.16,8.25,22.32,40.99,High Salinity,Tiger Shrimp
29.49,7.33,15.44,45.02,High Salinity,Whiteleg Shrimp
30.24,8.47,19.54,53.63,High Salinity,Whiteleg Shrimp
29.74,7.51,18.19,21.76,High Salinity,Whiteleg Shrimp
27.51,7.98,5.1,35.7,Brackish,Catfish
27.5,7.92,21.74,33.06,High Salinity,Milkfish
25.21,6.52,4.9,30.24,Freshwater,Catfish
28.8,7.38,1.69,17.87,Freshwater,Tilapia
30.03,8.17,24.61,39.74,High Salinity,Whiteleg Shrimp
28.6,7.9,29.24,31.26,High Salinity,Tiger Shrimp
27.79,7.87,6.94,26.39,Brackish,Catfish
31.2,6.8,0.0,21.2,Freshwater,Catfish
28.14,8.18,18.28,36.93,High Salinity,Milkfish
30.84,7.53,21.43,46.74,High Salinity,Whiteleg Shrimp
31.15,8.56,14.44,51.01,Brackish,Tiger Shrimp
24.63,6.71,3.42,20.92,Freshwater,Tilapia
29.05,7.83,20.86,42.72,High Salinity,Whiteleg Shrimp
29.12,8.25,15.4,35.33,High Salinity,Whiteleg Shrimp
25.93,7.04,4.33,31.31,Freshwater,Catfish
29.21,8.38,21.68,32.39,High Salinity,Milkfish
30.95,7.88,29.82,29.86,High Salinity,Milkfish
27.43,8.15,28.24,45.17,High Salinity,Tiger Shrimp
27.47,8.18,25.54,53.52,High Salinity,Tiger Shrimp
31.64,7.74,21.19,45.84,High Salinity,Whiteleg Shrimp
28.75,8.64,20.51,27.58,High Salinity,Whiteleg Shrimp
27.07,8.32,1.39,12.02,Freshwater,Tilapia
28.42,7.62,31.57,33.32,High Salinity,Milkfish
28.42,8.55,16.89,44.21,High Salinity,Whiteleg Shrimp
26.18,6.65,1.26,42.05,Freshwater,Catfish
28.17,8.41,22.45,36.95,High Salinity,Tiger Shrimp
29.77,7.99,19.87,44.53,High Salinity,Tiger Shrimp
28.64,7.07,12.13,43.69,Brackish,Milkfish
28.36,8.26,24.51,48.96,High Salinity,Tiger Shrimp
30.26,7.79,0.0,31.02,Freshwater,Catfish
28.84,8.62,24.09,51.02,High Salinity,Tiger Shrimp
32.05,7.89,8.3,18.68,Brackish,Catfish
28.08,8.07,27.88,39.55,High Salinity,Tiger Shrimp
27.69,7.92,1.22,28.44,Freshwater,Catfish
28.0,8.27,18.09,36.46,High Salinity,Tiger Shrimp
29.71,7.75,4.87,32.27,Freshwater,Catfish
27.03,7.05,0.98,17.07,Freshwater,Catfish
31.06,8.06,24.88,31.74,High Salinity,Milkfish
23.94,7.94,2.97,20.85,Freshwater,Tilapia
30.69,7.81,15.61,33.45,High Salinity,Tiger Shrimp
27.75,7.47,26.45,22.08,High Salinity,Tiger Shrimp
28.14,8.04,19.68,50.71,High Salinity,Whiteleg Shrimp
29.35,7.76,23.76,23.59,High Salinity,Whiteleg Shrimp
29.75,6.94,2.5,28.42,Freshwater,Tilapia
30.74,8.57,24.64,27.99,High Salinity,Whiteleg Shrimp
27.13,7.85,5.61,26.78,Brackish,Catfish
29.59,8.29,25.78,50.38,High Salinity,Tiger Shrimp
31.79,8.12,15.01,28.46,High Salinity,Whiteleg Shrimp
29.73,7.89,20.86,43.57,High Salinity,Whiteleg Shrimp
28.09,7.79,27.42,31.23,High Salinity,Tiger Shrimp
28.48,7.66,23.33,28.46,High Salinity,Milkfish
28.48,7.9,17.69,46.44,High Salinity,Tiger Shrimp
28.55,8.54,17.97,40.37,High Salinity,Tiger Shrimp
25.87,6.75,6.29,28.6,Brackish,Catfish
31.48,7.93,18.44,36.15,High Salinity,Whiteleg Shrimp
28.76,6.93,0.81,14.81,Freshwater,Catfish
30.14,8.28,19.01,34.1,High Salinity,Whiteleg Shrimp
31.35,7.6,6.21,24.84,Brackish,Catfish
31.12,7.76,20.03,38.36,High Salinity,Whiteleg Shrimp
30.5,7.41,8.31,29.75,Brackish,Catfish
28.62,7.67,21.89,29.0,High Salinity,Tiger Shrimp
30.07,6.4,6.75,35.42,Brackish,Catfish
30.83,7.6,15.97,43.79,High Salinity,Whiteleg Shrimp
26.24,7.61,4.54,35.94,Freshwater,Catfish
28.33,8.1,26.16,40.62,High Salinity,Tiger Shrimp
26.31,6.51,3.23,13.96,Freshwater,Tilapia
27.66,8.01,7.12,20.23,Brackish,Catfish
28.14,6.69,5.81,27.79,Brackish,Catfish
24.24,6.77,3.86,15.7,Freshwater,Tilapia
29.68,8.31,18.72,54.58,High Salinity,Tiger Shrimp
31.19,8.42,16.97,27.18,High Salinity,Whiteleg Shrimp
30.93,8.07,3.37,22.4,Freshwater,Catfish
29.93,8.56,3.39,12.92,Freshwater,Tilapia
24.47,7.09,0.01,19.98,Freshwater,Tilapia
29.88,8.41,18.83,38.18,High Salinity,Whiteleg Shrimp
29.97,7.91,14.24,26.99,Brackish,Whiteleg Shrimp
27.51,7.51,12.25,29.49,Brackish,Milkfish
27.04,7.05,4.05,17.25,Freshwater,Catfish
30.48,8.15,20.79,16.87,High Salinity,Whiteleg Shrimp
27.71,6.84,4.97,37.68,Freshwater,Catfish
28.52,7.76,4.72,10.26,Freshwater,Tilapia
24.56,6.89,0.2,14.92,Freshwater,Tilapia
29.73,7.18,6.04,18.45,Brackish,Catfish
30.77,7.88,16.49,50.97,High Salinity,Whiteleg Shrimp
30.72,7.98,20.49,36.42,High Salinity,Whiteleg Shrimp
26.76,7.52,4.1,20.91,Freshwater,Catfish
30.42,8.5,25.01,37.54,High Salinity,Whiteleg Shrimp
27.63,7.69,17.93,33.1,High Salinity,Tiger Shrimp
27.64,8.33,16.48,40.45,High Salinity,Tiger Shrimp
29.94,8.12,22.21,42.46,High Salinity,Milkfish
29.24,7.53,6.42,27.65,Brackish,Catfish
30.66,7.31,32.6,40.92,High Salinity,Milkfish
30.4,8.0,15.46,20.55,High Salinity,Whiteleg Shrimp
28.87,7.75,20.21,40.45,High Salinity,Tiger Shrimp
28.86,8.53,9.38,42.15,Brackish,Milkfish
32.15,8.11,24.8,43.59,High Salinity,Whiteleg Shrimp
25.72,7.92,2.36,15.49,Freshwater,Tilapia
30.36,7.1,1.46,19.32,Freshwater,Catfish
29.52,7.2,32.23,43.07,High Salinity,Milkfish
31.56,8.35,15.89,28.12,High Salinity,Milkfish
28.38,7.99,21.31,43.06,High Salinity,Tiger Shrimp
27.33,8.25,20.07,34.8,High Salinity,Milkfish
26.05,7.87,1.97,25.63,Freshwater,Catfish
29.91,7.8,3.22,25.29,Freshwater,Catfish
29.4,7.11,2.88,33.38,Freshwater,Tilapia
31.39,8.22,20.94,29.44,High Salinity,Whiteleg Shrimp
27.68,7.96,23.81,47.4,High Salinity,Tiger Shrimp
25.57,7.33,5.33,17.96,Brackish,Tilapia
28.99,7.8,26.23,38.72,High Salinity,Tiger Shrimp
28.96,6.25,3.29,19.85,Freshwater,Catfish
27.21,7.89,23.22,24.7,High Salinity,Tiger Shrimp
30.34,6.92,3.44,19.28,Freshwater,Catfish
28.24,8.37,23.43,36.11,High Salinity,Tiger Shrimp
30.8,7.8,20.03,28.82,High Salinity,Whiteleg Shrimp
31.17,7.85,18.65,54.53,High Salinity,Tiger Shrimp
29.38,6.68,1.56,16.92,Freshwater,Tilapia
32.04,7.88,21.48,27.3,High Salinity,Whiteleg Shrimp
24.7,7.17,6.1,17.6,Brackish,Tilapia
25.44,6.49,1.8,34.44,Freshwater,Catfish
27.52,7.22,1.16,24.81,Freshwater,Tilapia
29.31,8.64,26.27,47.16,High Salinity,Milkfish
28.02,7.29,20.69,39.39,High Salinity,Tiger Shrimp
31.5,7.75,12.7,31.86,Brackish,Milkfish
27.41,8.39,23.81,32.92,High Salinity,Milkfish
29.78,7.97,25.92,31.25,High Salinity,Milkfish
28.1,7.27,24.2,29.83,High Salinity,Milkfish
23.21,7.78,3.08,9.76,Freshwater,Tilapia
31.23,7.58,17.8,48.22,High Salinity,Whiteleg Shrimp
29.61,8.63,27.11,45.48,High Salinity,Tiger Shrimp
31.48,7.92,19.89,37.77,High Salinity,Whiteleg Shrimp
26.83,7.8,26.57,33.57,High Salinity,Milkfish
29.06,6.7,3.18,14.96,Freshwater,Tilapia
31.1,7.28,18.61,23.25,High Salinity,Milkfish
28.96,7.46,19.69,41.53,High Salinity,Whiteleg Shrimp
28.97,8.35,22.77,42.18,High Salinity,Tiger Shrimp
25.26,6.6,6.34,19.39,Brackish,Tilapia
32.01,7.4,19.03,44.46,High Salinity,Whiteleg Shrimp
27.89,8.05,19.33,50.79,High Salinity,Whiteleg Shrimp
26.38,8.13,16.17,30.28,High Salinity,Milkfish
30.99,7.81,21.65,40.19,High Salinity,Tiger Shrimp
28.89,7.97,32.85,23.87,High Salinity,Milkfish
26.87,7.47,9.82,20.63,Brackish,Milkfish
29.09,8.14,29.25,29.63,High Salinity,Milkfish
28.69,7.59,2.86,18.45,Freshwater,Tilapia
31.25,7.65,32.67,40.16,High Salinity,Milkfish
26.45,6.65,2.24,20.25,Freshwater,Catfish
29.55,8.1,22.92,30.31,High Salinity,Whiteleg Shrimp
29.36,6.87,6.71,27.16,Brackish,Catfish
29.76,8.6,30.58,26.21,High Salinity,Milkfish
29.48,8.16,2.63,14.53,Freshwater,Tilapia
27.73,7.61,3.63,34.33,Freshwater,Catfish
30.09,8.27,34.55,33.47,High Salinity,Milkfish
24.73,6.71,2.35,23.77,Freshwater,Tilapia
31.19,7.7,3.51,40.4,Freshwater,Catfish
25.54,6.96,3.01,22.17,Freshwater,Catfish
27.42,7.0,3.93,17.42,Freshwater,Tilapia
31.19,7.94,21.89,40.49,High Salinity,Tiger Shrimp
25.46,7.9,5.59,37.31,Brackish,Catfish
30.12,8.14,18.97,54.57,High Salinity,Tiger Shrimp
25.88,7.42,1.17,20.71,Freshwater,Tilapia
29.74,7.21,25.82,20.58,High Salinity,Milkfish
30.36,8.18,19.94,34.38,High Salinity,Tiger Shrimp
32.51,7.29,17.73,33.96,High Salinity,Whiteleg Shrimp
29.31,8.05,28.02,44.17,High Salinity,Tiger Shrimp
29.39,8.54,20.48,32.77,High Salinity,Whiteleg Shrimp
28.43,8.07,4.99,9.55,Freshwater,Tilapia
30.63,8.56,16.47,40.83,High Salinity,Whiteleg Shrimp
30.98,7.66,18.55,49.93,High Salinity,Tiger Shrimp
27.25,8.1,3.6,16.67,Freshwater,Tilapia
24.76,8.37,6.69,21.9,Brackish,Tilapia
29.66,6.97,4.85,24.7,Freshwater,Catfish
27.03,8.18,31.82,41.37,High Salinity,Milkfish
28.16,7.22,2.07,22.76,Freshwater,Tilapia
25.12,6.22,5.51,16.11,Brackish,Tilapia
29.73,7.51,16.48,40.25,High Salinity,Milkfish
26.66,7.69,4.76,28.06,Freshwater,Catfish
29.47,8.05,1.96,16.03,Freshwater,Catfish
28.35,7.35,36.53,45.13,High Salinity,Milkfish
24.08,7.04,3.99,25.21,Freshwater,Tilapia
28.63,6.89,9.18,16.3,Brackish,Catfish
27.03,6.61,6.3,25.91,Brackish,Catfish
29.47,7.72,21.47,49.86,High Salinity,Tiger Shrimp
28.95,6.79,0.0,8.08,Freshwater,Tilapia
31.97,7.96,26.43,30.74,High Salinity,Milkfish
25.48,8.09,6.36,35.86,Brackish,Catfish
29.08,8.36,23.22,24.57,High Salinity,Whiteleg Shrimp
27.92,8.05,26.43,50.17,High Salinity,Tiger Shrimp
27.19,6.51,7.89,21.02,Brackish,Catfish
31.88,7.76,16.96,33.67,High Salinity,Milkfish
30.41,6.29,2.58,23.39,Freshwater,Tilapia
31.34,7.34,18.01,29.83,High Salinity,Whiteleg Shrimp
30.38,8.01,27.3,35.96,High Salinity,Milkfish
29.71,8.2,28.64,33.09,High Salinity,Tiger Shrimp
30.1,7.36,4.76,14.54,Freshwater,Tilapia
28.97,7.83,21.64,36.35,High Salinity,Whiteleg Shrimp
32.02,7.64,22.56,23.25,High Salinity,Whiteleg Shrimp
28.46,7.38,33.48,46.72,High Salinity,Milkfish
27.35,8.24,23.67,39.64,High Salinity,Tiger Shrimp
28.93,7.65,16.79,28.7,High Salinity,Whiteleg Shrimp
27.78,8.01,22.21,23.71,High Salinity,Whiteleg Shrimp
30.68,7.83,18.89,25.98,High Salinity,Whiteleg Shrimp
25.2,7.43,0.0,15.56,Freshwater,Tilapia
27.94,7.76,17.02,32.18,High Salinity,Whiteleg Shrimp
28.76,8.33,22.28,23.73,High Salinity,Tiger Shrimp
28.45,8.08,25.09,24.55,High Salinity,Milkfish
30.09,7.97,14.42,32.64,Brackish,Tiger Shrimp
29.8,8.33,23.04,33.32,High Salinity,Tiger Shrimp
30.61,7.34,32.26,25.15,High Salinity,Milkfish
30.64,8.17,25.34,20.88,High Salinity,Whiteleg Shrimp
28.41,7.63,24.91,37.33,High Salinity,Tiger Shrimp
27.91,7.79,22.09,46.62,High Salinity,Tiger Shrimp
30.7,8.23,21.4,43.34,High Salinity,Tiger Shrimp
30.25,7.85,21.72,24.17,High Salinity,Tiger Shrimp
30.73,7.46,18.85,43.75,High Salinity,Whiteleg Shrimp
27.82,8.09,12.29,44.64,Brackish,Milkfish
30.47,7.64,17.45,54.85,High Salinity,Tiger Shrimp
28.01,8.05,24.56,52.21,High Salinity,Tiger Shrimp
29.67,8.65,25.81,48.54,High Salinity,Tiger Shrimp
28.82,7.49,27.58,35.54,High Salinity,Tiger Shrimp
27.66,6.71,4.5,20.63,Freshwater,Catfish
25.03,6.57,0.0,18.3,Freshwater,Tilapia
32.63,7.9,21.61,17.36,High Salinity,Whiteleg Shrimp
28.15,8.03,16.46,39.63,High Salinity,Whiteleg Shrimp
26.41,6.95,3.95,7.57,Freshwater,Tilapia
29.91,8.17,18.9,42.06,High Salinity,Tiger Shrimp
27.34,8.39,0.0,18.88,Freshwater,Tilapia
28.51,7.02,2.96,21.93,Freshwater,Tilapia
30.23,7.01,15.27,27.7,High Salinity,Milkfish
27.47,8.11,4.25,16.83,Freshwater,Tilapia
27.92,7.82,24.66,20.61,High Salinity,Tiger Shrimp
29.91,7.17,23.47,20.11,High Salinity,Milkfish
31.16,8.47,20.36,42.8,High Salinity,Whiteleg Shrimp
29.28,8.33,25.63,46.91,High Salinity,Whiteleg Shrimp
29.83,7.48,13.03,26.26,Brackish,Milkfish
28.37,7.75,2.01,21.87,Freshwater,Tilapia
26.42,7.31,3.69,20.86,Freshwater,Tilapia
29.25,7.91,15.84,33.57,High Salinity,Whiteleg Shrimp
25.61,7.4,4.55,11.49,Freshwater,Tilapia
29.09,7.14,0.84,17.27,Freshwater,Tilapia
30.71,8.13,23.46,49.04,High Salinity,Whiteleg Shrimp
30.56,7.38,4.86,24.19,Freshwater,Catfish
29.36,7.97,20.3,53.33,High Salinity,Tiger Shrimp
29.84,8.09,23.91,38.74,High Salinity,Tiger Shrimp
28.48,8.03,21.24,35.53,High Salinity,Whiteleg Shrimp
28.56,8.38,23.75,30.58,High Salinity,Tiger Shrimp
29.22,7.57,22.99,47.91,High Salinity,Tiger Shrimp
27.39,7.92,21.98,27.8,High Salinity,Whiteleg Shrimp
29.5,7.87,18.35,29.61,High Salinity,Tiger Shrimp
23.6,7.49,4.02,16.09,Freshwater,Tilapia
30.21,6.98,0.0,26.5,Freshwater,Tilapia
28.93,8.09,21.8,32.05,High Salinity,Tiger Shrimp
30.09,8.39,27.26,26.73,High Salinity,Tiger Shrimp
29.01,6.7,0.0,18.71,Freshwater,Tilapia
26.99,7.31,3.03,20.16,Freshwater,Tilapia
28.63,7.41,18.32,28.5,High Salinity,Whiteleg Shrimp
29.55,7.35,15.44,32.97,High Salinity,Tiger Shrimp
30.18,8.08,15.21,47.39,High Salinity,Tiger Shrimp
29.71,8.25,17.63,35.74,High Salinity,Tiger Shrimp
29.72,8.62,18.07,34.44,High Salinity,Milkfish
27.22,6.81,15.9,27.96,High Salinity,Milkfish
29.11,8.37,28.38,47.24,High Salinity,Tiger Shrimp
28.75,8.38,19.14,47.06,High Salinity,Whiteleg Shrimp
31.0,7.06,4.56,20.52,Freshwater,Catfish
28.55,7.42,13.69,29.75,Brackish,Whiteleg Shrimp
28.21,6.89,3.79,25.58,Freshwater,Catfish
28.75,8.21,25.93,32.56,High Salinity,Tiger Shrimp
26.87,8.18,11.82,45.05,Brackish,Milkfish
27.4,7.5,2.18,29.92,Freshwater,Tilapia
29.66,6.4,3.2,6.6,Freshwater,Tilapia
26.28,7.27,2.92,27.37,Freshwater,Catfish
30.95,7.87,23.88,23.01,High Salinity,Tiger Shrimp
26.56,8.0,29.47,32.19,High Salinity,Tiger Shrimp
31.95,7.86,13.84,43.67,Brackish,Whiteleg Shrimp
30.72,7.92,23.2,37.22,High Salinity,Tiger Shrimp
26.74,7.24,3.84,18.05,Freshwater,Catfish
29.72,8.61,22.76,40.73,High Salinity,Milkfish
30.07,8.02,25.18,40.25,High Salinity,Whiteleg Shrimp
27.19,7.83,14.19,45.2,Brackish,Whiteleg Shrimp
31.49,6.54,5.14,14.31,Brackish,Catfish
30.54,7.61,27.89,18.77,High Salinity,Milkfish
27.84,7.66,3.05,14.83,Freshwater,Tilapia
30.14,7.69,28.22,35.98,High Salinity,Milkfish
28.42,8.05,2.26,30.45,Freshwater,Tilapia
27.99,8.13,20.78,25.31,High Salinity,Tiger Shrimp
24.99,6.3,2.26,31.09,Freshwater,Tilapia
28.96,7.86,16.2,44.72,High Salinity,Tiger Shrimp
32.06,7.77,23.4,32.98,High Salinity,Whiteleg Shrimp
25.74,8.52,23.32,40.99,High Salinity,Milkfish
30.18,8.08,18.46,48.58,High Salinity,Whiteleg Shrimp
30.57,6.9,20.0,28.97,High Salinity,Milkfish
27.61,7.92,32.77,19.42,High Salinity,Milkfish
26.33,7.88,0.0,41.64,Freshwater,Catfish
25.64,6.68,2.79,21.1,Freshwater,Tilapia
24.25,7.46,2.42,16.75,Freshwater,Tilapia
27.45,7.53,4.96,35.21,Freshwater,Catfish
31.1,7.75,24.53,25.15,High Salinity,Tiger Shrimp
26.42,6.67,1.65,28.05,Freshwater,Catfish
30.88,7.98,5.88,19.12,Brackish,Catfish
31.21,7.81,12.38,44.72,Brackish,Milkfish
30.5,7.25,22.09,43.13,High Salinity,Whiteleg Shrimp
29.25,6.85,28.53,46.18,High Salinity,Milkfish
27.02,7.38,5.67,39.36,Brackish,Catfish
29.83,8.01,19.42,30.48,High Salinity,Whiteleg Shrimp
28.54,8.12,23.12,26.48,High Salinity,Whiteleg Shrimp
25.06,7.5,4.27,28.95,Freshwater,Catfish
26.19,6.63,5.85,19.13,Brackish,Tilapia
29.25,7.88,19.34,26.09,High Salinity,Whiteleg Shrimp
29.99,7.91,16.31,49.6,High Salinity,Tiger Shrimp
26.54,8.26,14.84,42.84,Brackish,Milkfish
28.07,8.11,33.87,38.27,High Salinity,Milkfish
27.87,8.06,27.67,24.83,High Salinity,Tiger Shrimp
27.67,8.28,23.12,38.53,High Salinity,Tiger Shrimp
29.77,7.93,21.22,37.96,High Salinity,Whiteleg Shrimp
29.75,7.55,1.69,37.89,Freshwater,Catfish
30.41,7.97,21.9,27.59,High Salinity,Whiteleg Shrimp
26.06,7.41,25.22,22.6,High Salinity,Milkfish
31.14,6.75,0.0,32.82,Freshwater,Catfish
31.26,8.59,16.67,36.08,High Salinity,Whiteleg Shrimp
29.6,8.47,17.36,23.88,High Salinity,Whiteleg Shrimp
30.32,8.3,13.26,41.02,Brackish,Milkfish
28.3,8.24,25.7,31.69,High Salinity,Tiger Shrimp
29.88,6.84,2.74,23.31,Freshwater,Tilapia
30.45,8.62,17.4,38.7,High Salinity,Tiger Shrimp
23.71,6.92,1.05,8.42,Freshwater,Tilapia
31.45,8.25,27.99,37.91,High Salinity,Milkfish
30.02,7.48,18.03,45.76,High Salinity,Whiteleg Shrimp
26.78,8.15,29.87,37.67,High Salinity,Tiger Shrimp
26.53,7.55,12.92,42.87,Brackish,Milkfish
30.47,7.62,22.04,38.88,High Salinity,Whiteleg Shrimp
28.11,8.33,20.04,49.17,High Salinity,Tiger Shrimp
28.65,7.06,32.91,32.09,High Salinity,Milkfish
29.77,7.85,24.06,42.54,High Salinity,Tiger Shrimp
23.8,8.43,5.17,19.7,Brackish,Tilapia
26.14,7.31,25.68,41.29,High Salinity,Milkfish
28.75,7.79,22.28,37.68,High Salinity,Whiteleg Shrimp
31.76,7.74,23.88,30.22,High Salinity,Milkfish
31.91,6.78,4.1,18.2,Freshwater,Catfish
27.26,7.91,3.11,25.2,Freshwater,Catfish
25.96,7.2,2.29,26.28,Freshwater,Tilapia
31.51,7.02,36.59,39.91,High Salinity,Milkfish
27.35,8.04,30.38,33.91,High Salinity,Tiger Shrimp
31.04,7.85,25.8,35.31,High Salinity,Whiteleg Shrimp
28.21,8.56,18.99,30.67,High Salinity,Whiteleg Shrimp
30.35,8.39,1.34,32.64,Freshwater,Tilapia
30.16,7.47,3.07,18.51,Freshwater,Catfish
28.45,7.79,20.99,43.77,High Salinity,Milkfish
29.44,7.47,33.92,32.0,High Salinity,Milkfish
28.42,7.63,19.02,38.28,High Salinity,Milkfish
25.19,7.96,2.34,26.43,Freshwater,Tilapia
30.02,8.19,20.53,43.33,High Salinity,Whiteleg Shrimp
29.41,7.94,0.03,23.56,Freshwater,Catfish
26.07,7.13,5.11,34.94,Brackish,Catfish
27.1,7.92,0.77,29.57,Freshwater,Catfish
31.14,6.64,3.34,33.18,Freshwater,Catfish
27.54,7.46,3.28,22.65,Freshwater,Catfish
29.88,8.3,26.77,40.28,High Salinity,Milkfish
31.46,6.94,1.36,23.1,Freshwater,Catfish
28.25,7.96,2.38,21.2,Freshwater,Tilapia
26.22,7.38,23.72,32.49,High Salinity,Milkfish
29.66,6.84,20.84,47.51,High Salinity,Milkfish
28.74,8.05,22.53,42.18,High Salinity,Milkfish
30.89,8.06,14.7,43.96,Brackish,Whiteleg Shrimp
30.48,7.9,0.88,19.8,Freshwater,Tilapia
28.39,7.4,19.26,39.49,High Salinity,Milkfish
30.57,8.71,23.98,25.49,High Salinity,Whiteleg Shrimp
30.29,8.33,18.19,23.68,High Salinity,Whiteleg Shrimp
28.07,7.45,24.6,32.56,High Salinity,Milkfish
31.3,7.89,18.81,26.85,High Salinity,Milkfish
31.13,7.77,0.68,33.09,Freshwater,Catfish
27.48,7.16,5.13,20.84,Brackish,Tilapia
24.16,8.07,2.69,14.03,Freshwater,Tilapia
28.79,7.88,20.81,33.0,High Salinity,Tiger Shrimp
27.43,8.21,21.14,24.1,High Salinity,Whiteleg Shrimp
30.68,8.28,23.13,45.85,High Salinity,Tiger Shrimp
28.07,7.55,18.38,52.88,High Salinity,Tiger Shrimp
29.46,8.44,3.27,8.61,Freshwater,Tilapia
26.59,7.61,1.77,25.04,Freshwater,Catfish
30.03,7.81,13.88,40.16,Brackish,Whiteleg Shrimp
29.19,7.73,28.91,41.0,High Salinity,Tiger Shrimp
28.47,8.58,28.09,37.22,High Salinity,Tiger Shrimp
29.91,8.23,13.59,46.37,Brackish,Whiteleg Shrimp
29.94,8.01,2.3,14.84,Freshwater,Tilapia
28.0,6.92,0.18,23.65,Freshwater,Tilapia
28.11,7.59,30.93,43.35,High Salinity,Tiger Shrimp
31.16,7.61,6.58,19.67,Brackish,Catfish
26.8,6.72,1.05,13.28,Freshwater,Tilapia
27.56,6.94,25.69,35.98,High Salinity,Milkfish
24.86,6.89,6.98,25.63,Brackish,Catfish
26.07,8.12,34.8,29.51,High Salinity,Milkfish
27.35,8.4,20.96,44.28,High Salinity,Milkfish
31.38,8.24,24.46,33.44,High Salinity,Whiteleg Shrimp
29.92,7.93,31.24,23.62,High Salinity,Milkfish
28.64,8.27,21.33,36.57,High Salinity,Milkfish
28.76,7.31,5.75,32.39,Brackish,Catfish
30.55,8.46,18.59,37.48,High Salinity,Whiteleg Shrimp
31.53,7.67,3.66,37.77,Freshwater,Catfish
29.11,7.81,17.43,27.62,High Salinity,Whiteleg Shrimp
27.9,8.3,2.89,20.61,Freshwater,Tilapia
28.1,7.68,24.15,46.86,High Salinity,Tiger Shrimp
29.47,8.01,18.27,36.04,High Salinity,Tiger Shrimp
28.13,7.96,15.42,39.65,High Salinity,Whiteleg Shrimp
28.54,8.39,32.96,23.84,High Salinity,Milkfish
25.81,7.35,2.77,13.68,Freshwater,Catfish
30.96,7.75,2.69,31.89,Freshwater,Catfish
26.59,8.15,30.35,43.35,High Salinity,Milkfish
29.62,7.3,4.73,29.89,Freshwater,Tilapia
26.83,7.96,33.81,21.48,High Salinity,Milkfish
31.73,6.67,7.55,29.71,Brackish,Catfish
28.46,7.47,0.0,30.47,Freshwater,Catfish
29.25,7.91,17.12,50.29,High Salinity,Whiteleg Shrimp
30.18,8.13,17.96,19.27,High Salinity,Whiteleg Shrimp
29.36,8.43,21.15,25.64,High Salinity,Whiteleg Shrimp
28.99,8.08,28.75,42.98,High Salinity,Milkfish
27.31,7.11,7.94,30.19,Brackish,Catfish
28.64,8.06,20.11,33.81,High Salinity,Milkfish
30.54,6.85,6.63,39.02,Brackish,Catfish
32.18,8.33,23.68,43.68,High Salinity,Whiteleg Shrimp
29.99,8.02,23.78,34.74,High Salinity,Whiteleg Shrimp
25.42,7.23,0.92,18.59,Freshwater,Tilapia
27.87,7.22,4.52,18.62,Freshwater,Catfish
30.76,7.88,17.5,36.91,High Salinity,Milkfish
29.06,7.86,15.89,18.54,High Salinity,Whiteleg Shrimp
27.99,7.9,19.45,24.38,High Salinity,Tiger Shrimp
24.79,8.35,3.1,25.05,Freshwater,Tilapia
30.51,7.64,26.05,40.27,High Salinity,Whiteleg Shrimp
29.57,7.55,18.97,25.72,High Salinity,Tiger Shrimp
29.66,8.09,18.13,51.92,High Salinity,Tiger Shrimp
27.58,7.67,32.12,42.04,High Salinity,Milkfish
24.55,7.25,7.25,29.8,Brackish,Catfish
28.92,8.53,14.03,45.85,Brackish,Whiteleg Shrimp
28.7,8.15,12.62,39.12,Brackish,Milkfish
29.64,7.42,2.93,24.28,Freshwater,Catfish
30.22,7.78,0.0,41.93,Freshwater,Catfish
29.68,7.87,3.65,40.44,Freshwater,Catfish
25.48,6.35,5.61,28.44,Brackish,Catfish
27.52,8.05,15.87,53.96,High Salinity,Tiger Shrimp
29.19,7.94,31.88,30.49,High Salinity,Milkfish
29.45,6.49,2.24,25.78,Freshwater,Tilapia
30.16,8.39,16.91,36.15,High Salinity,Whiteleg Shrimp
28.98,7.56,1.32,24.92,Freshwater,Tilapia
30.15,8.24,20.56,35.5,High Salinity,Whiteleg Shrimp
30.72,8.2,17.38,38.68,High Salinity,Whiteleg Shrimp
30.37,8.16,15.03,36.56,High Salinity,Milkfish
30.61,8.17,21.33,35.37,High Salinity,Milkfish
25.07,7.51,0.62,37.06,Freshwater,Catfish
27.93,7.58,2.12,26.17,Freshwater,Tilapia
27.57,7.4,0.0,21.53,Freshwater,Tilapia
31.04,8.03,30.58,20.79,High Salinity,Milkfish
26.61,7.34,3.96,30.16,Freshwater,Catfish
29.87,7.9,1.08,22.2,Freshwater,Catfish
31.86,7.94,18.87,33.66,High Salinity,Whiteleg Shrimp
28.77,8.45,18.74,44.38,High Salinity,Whiteleg Shrimp
29.67,8.16,21.34,43.76,High Salinity,Tiger Shrimp
28.1,7.39,7.51,25.13,Brackish,Catfish
31.15,6.82,9.62,35.01,Brackish,Catfish
28.72,7.6,14.76,42.62,Brackish,Whiteleg Shrimp
30.57,8.08,22.25,24.28,High Salinity,Whiteleg Shrimp
31.96,8.28,14.35,35.05,Brackish,Whiteleg Shrimp
28.08,7.82,21.55,37.5,High Salinity,Tiger Shrimp
29.0,8.31,4.22,24.23,Freshwater,Tilapia
31.45,8.53,16.02,42.81,High Salinity,Tiger Shrimp
28.97,8.03,20.68,28.38,High Salinity,Tiger Shrimp
30.73,7.37,20.53,29.46,High Salinity,Whiteleg Shrimp
27.9,8.09,4.09,13.52,Freshwater,Catfish
29.57,7.52,29.62,46.06,High Salinity,Tiger Shrimp
27.82,8.35,17.77,15.88,High Salinity,Whiteleg Shrimp
28.84,7.26,15.51,31.25,High Salinity,Whiteleg Shrimp
29.65,7.33,10.81,27.08,Brackish,Milkfish
28.66,6.85,5.12,21.76,Brackish,Catfish
30.48,8.12,15.46,33.81,High Salinity,Whiteleg Shrimp
29.24,7.92,22.21,35.54,High Salinity,Whiteleg Shrimp
29.86,7.27,24.08,28.27,High Salinity,Milkfish
29.91,7.62,18.88,25.44,High Salinity,Whiteleg Shrimp
31.64,7.54,22.51,39.63,High Salinity,Tiger Shrimp
26.92,7.86,4.1,24.22,Freshwater,Catfish
30.74,6.67,2.54,32.37,Freshwater,Catfish
25.91,7.7,4.15,15.56,Freshwater,Catfish
27.15,8.21,18.57,45.02,High Salinity,Tiger Shrimp
30.9,7.81,14.23,31.78,Brackish,Tiger Shrimp
29.39,8.26,23.97,51.63,High Salinity,Tiger Shrimp
30.87,6.57,0.0,15.57,Freshwater,Catfish
29.36,8.2,22.16,42.54,High Salinity,Whiteleg Shrimp
27.75,6.48,5.81,13.31,Brackish,Tilapia
28.96,7.68,16.86,25.52,High Salinity,Whiteleg Shrimp
30.74,8.28,25.39,49.54,High Salinity,Tiger Shrimp
32.28,7.86,14.74,37.63,Brackish,Milkfish
25.86,7.88,7.06,33.28,Brackish,Catfish
29.36,8.49,14.42,42.86,Brackish,Whiteleg Shrimp
26.88,7.77,15.01,46.99,High Salinity,Tiger Shrimp
32.08,8.21,20.12,19.77,High Salinity,Whiteleg Shrimp
28.53,7.66,22.58,18.36,High Salinity,Whiteleg Shrimp
27.79,8.05,24.57,44.49,High Salinity,Tiger Shrimp
29.26,7.68,14.02,30.35,Brackish,Whiteleg Shrimp
31.86,8.32,21.5,20.33,High Salinity,Whiteleg Shrimp
30.31,7.47,22.51,50.22,High Salinity,Whiteleg Shrimp
26.85,8.03,24.1,25.59,High Salinity,Milkfish
30.53,8.03,24.95,41.33,High Salinity,Whiteleg Shrimp
27.51,7.56,29.37,33.31,High Salinity,Tiger Shrimp
29.93,7.66,26.84,36.12,High Salinity,Tiger Shrimp
23.64,7.91,0.0,23.03,Freshwater,Tilapia
30.71,7.73,13.79,27.35,Brackish,Tiger Shrimp
30.9,8.32,22.12,26.06,High Salinity,Whiteleg Shrimp
27.38,8.34,23.75,45.32,High Salinity,Tiger Shrimp
25.59,7.22,2.75,42.21,Freshwater,Catfish
28.89,7.86,22.4,48.98,High Salinity,Tiger Shrimp
31.88,8.0,16.45,39.24,High Salinity,Tiger Shrimp
28.51,8.2,21.54,35.95,High Salinity,Whiteleg Shrimp
30.21,8.52,17.56,39.5,High Salinity,Tiger Shrimp
25.99,6.39,3.6,18.66,Freshwater,Tilapia
27.42,7.15,5.14,12.41,Brackish,Tilapia
29.66,7.66,20.97,29.67,High Salinity,Tiger Shrimp
30.54,7.42,16.7,49.98,High Salinity,Whiteleg Shrimp
26.36,6.9,13.85,31.56,Brackish,Milkfish
26.88,6.73,3.87,23.63,Freshwater,Tilapia
28.9,6.78,3.27,24.53,Freshwater,Catfish
31.48,7.81,22.88,42.53,High Salinity,Whiteleg Shrimp
26.62,6.54,1.4,39.91,Freshwater,Catfish
27.34,7.19,2.83,23.03,Freshwater,Tilapia
26.12,7.98,2.58,26.1,Freshwater,Tilapia
29.34,8.65,23.06,40.07,High Salinity,Whiteleg Shrimp
31.85,7.3,2.95,40.96,Freshwater,Catfish
31.2,8.24,22.54,45.38,High Salinity,Whiteleg Shrimp
29.97,6.94,6.99,25.85,Brackish,Catfish
30.59,7.66,16.98,26.71,High Salinity,Tiger Shrimp
28.58,7.89,3.31,11.04,Freshwater,Tilapia
28.69,7.56,7.48,17.65,Brackish,Catfish
30.51,7.48,29.24,49.03,High Salinity,Tiger Shrimp
27.59,8.37,17.37,33.73,High Salinity,Tiger Shrimp
32.71,7.49,15.03,33.76,High Salinity,Whiteleg Shrimp
29.73,8.01,22.28,49.88,High Salinity,Tiger Shrimp
27.76,7.04,4.15,23.25,Freshwater,Tilapia
25.58,7.77,3.46,15.5,Freshwater,Tilapia
28.72,7.49,3.19,33.94,Freshwater,Catfish
29.03,8.27,16.48,40.89,High Salinity,Whiteleg Shrimp
30.51,7.92,24.89,35.3,High Salinity,Milkfish
27.6,7.89,26.79,38.3,High Salinity,Milkfish
28.27,7.85,16.92,30.4,High Salinity,Whiteleg Shrimp
29.48,7.82,14.99,24.6,Brackish,Whiteleg Shrimp
27.85,7.26,2.51,23.18,Freshwater,Tilapia
24.47,7.76,2.36,24.41,Freshwater,Tilapia
27.89,7.91,23.32,34.35,High Salinity,Tiger Shrimp
29.41,7.2,1.49,29.81,Freshwater,Catfish
26.43,6.8,1.96,28.0,Freshwater,Catfish
29.26,7.95,19.23,39.51,High Salinity,Tiger Shrimp
30.9,8.21,13.91,26.69,Brackish,Whiteleg Shrimp
29.08,8.03,3.9,34.29,Freshwater,Catfish
28.44,6.94,0.92,24.74,Freshwater,Catfish
28.92,7.58,13.49,46.11,Brackish,Tiger Shrimp
29.05,8.2,35.0,25.82,High Salinity,Milkfish
29.27,8.2,16.7,26.77,High Salinity,Tiger Shrimp
26.51,6.6,0.6,32.7,Freshwater,Catfish
28.53,6.99,5.01,19.54,Brackish,Catfish
27.27,8.58,23.66,43.78,High Salinity,Tiger Shrimp
28.59,7.65,17.02,49.19,High Salinity,Tiger Shrimp
30.8,6.79,7.12,29.76,Brackish,Catfish
30.7,7.46,31.94,24.46,High Salinity,Milkfish
27.99,7.89,15.8,20.73,High Salinity,Whiteleg Shrimp
30.42,7.28,22.24,27.4,High Salinity,Milkfish
25.04,8.37,0.0,8.85,Freshwater,Tilapia
29.61,7.71,29.89,30.91,High Salinity,Milkfish
25.59,8.43,0.0,22.28,Freshwater,Tilapia
30.59,8.11,23.43,39.11,High Salinity,Whiteleg Shrimp
28.65,7.34,4.9,34.12,Freshwater,Catfish
27.91,8.05,2.95,16.67,Freshwater,Catfish
26.73,7.39,2.5,23.67,Freshwater,Tilapia
31.2,8.08,24.99,50.62,High Salinity,Whiteleg Shrimp
29.76,7.28,21.6,35.44,High Salinity,Tiger Shrimp
26.26,8.06,1.55,23.21,Freshwater,Tilapia
28.54,8.43,30.08,45.19,High Salinity,Milkfish
27.36,8.24,22.17,48.24,High Salinity,Whiteleg Shrimp
28.66,7.8,25.67,39.54,High Salinity,Tiger Shrimp
28.9,8.57,23.22,26.92,High Salinity,Tiger Shrimp
29.75,7.78,2.14,26.0,Freshwater,Tilapia
28.81,8.15,25.3,48.09,High Salinity,Tiger Shrimp
29.81,8.07,18.46,37.26,High Salinity,Whiteleg Shrimp
28.33,6.62,1.28,25.63,Freshwater,Tilapia
29.79,7.92,18.93,33.2,High Salinity,Tiger Shrimp
31.8,8.21,20.06,43.93,High Salinity,Tiger Shrimp
25.26,7.0,0.0,13.08,Freshwater,Tilapia
27.72,8.18,0.5,12.46,Freshwater,Tilapia
32.75,7.86,16.97,33.31,High Salinity,Milkfish
25.38,7.12,0.89,28.8,Freshwater,Tilapia
29.15,8.77,18.62,30.14,High Salinity,Whiteleg Shrimp
29.0,7.66,14.46,27.39,Brackish,Tiger Shrimp
27.94,7.57,3.14,10.02,Freshwater,Tilapia
30.15,7.55,16.74,50.6,High Salinity,Tiger Shrimp
26.17,7.84,3.1,32.79,Freshwater,Catfish
29.24,7.35,34.48,45.1,High Salinity,Milkfish
27.47,7.2,15.98,40.82,High Salinity,Milkfish
31.02,8.1,21.11,29.86,High Salinity,Tiger Shrimp
30.42,7.49,31.79,34.29,High Salinity,Milkfish
30.72,7.99,9.08,23.65,Brackish,Catfish
26.35,6.69,4.29,33.16,Freshwater,Catfish
27.39,7.12,3.25,19.86,Freshwater,Tilapia
27.19,8.36,16.59,32.5,High Salinity,Tiger Shrimp
27.14,7.7,25.17,20.02,High Salinity,Milkfish
28.34,7.36,16.5,46.81,High Salinity,Whiteleg Shrimp
26.45,7.43,30.04,56.93,High Salinity,Tiger Shrimp
29.9,8.05,16.18,28.02,High Salinity,Tiger Shrimp
25.02,7.82,1.75,29.5,Freshwater,Tilapia
27.57,7.02,1.47,22.92,Freshwater,Tilapia
28.42,8.2,24.4,47.43,High Salinity,Tiger Shrimp
27.99,7.19,22.69,35.87,High Salinity,Milkfish
26.68,7.77,4.0,35.57,Freshwater,Catfish
30.53,8.25,21.07,42.49,High Salinity,Whiteleg Shrimp
28.72,7.92,13.42,20.37,Brackish,Whiteleg Shrimp
29.6,7.98,12.16,24.48,Brackish,Milkfish
27.75,7.71,25.06,20.93,High Salinity,Whiteleg Shrimp
32.33,8.07,22.27,40.79,High Salinity,Whiteleg Shrimp
26.88,7.93,11.32,30.53,Brackish,Milkfish
30.3,8.27,23.36,28.1,High Salinity,Whiteleg Shrimp
28.77,7.59,1.74,11.35,Freshwater,Tilapia
29.95,7.37,2.62,8.6,Freshwater,Tilapia
28.37,8.08,17.36,44.7,High Salinity,Whiteleg Shrimp
25.97,7.9,20.81,31.18,High Salinity,Milkfish
28.96,6.87,3.69,30.32,Freshwater,Catfish
27.74,7.71,15.08,34.04,High Salinity,Tiger Shrimp
26.28,7.33,30.02,17.38,High Salinity,Milkfish
29.69,7.52,20.18,51.72,High Salinity,Tiger Shrimp
28.71,7.43,22.17,26.73,High Salinity,Milkfish
29.29,8.14,30.97,30.05,High Salinity,Milkfish
25.78,7.96,7.32,30.44,Brackish,Catfish
28.59,8.42,25.47,40.76,High Salinity,Tiger Shrimp
24.13,6.52,4.45,28.89,Freshwater,Tilapia
29.76,8.24,17.85,31.29,High Salinity,Tiger Shrimp
28.48,8.42,17.04,47.12,High Salinity,Tiger Shrimp
24.62,8.3,0.0,11.19,Freshwater,Tilapia
29.6,7.78,24.27,41.18,High Salinity,Whiteleg Shrimp
31.52,8.52,16.29,32.44,High Salinity,Whiteleg Shrimp
25.14,8.54,0.0,19.53,Freshwater,Tilapia
32.36,8.25,15.75,30.11,High Salinity,Whiteleg Shrimp
27.55,7.18,21.93,29.36,High Salinity,Milkfish
29.53,7.56,3.18,24.0,Freshwater,Catfish
25.78,6.82,2.84,14.22,Freshwater,Tilapia
28.09,8.68,26.56,27.84,High Salinity,Tiger Shrimp
28.62,7.78,15.83,40.78,High Salinity,Milkfish
32.06,7.98,16.73,28.54,High Salinity,Whiteleg Shrimp
30.28,7.51,19.68,45.93,High Salinity,Whiteleg Shrimp
28.21,8.29,24.1,24.75,High Salinity,Whiteleg Shrimp
27.18,8.59,1.95,25.62,Freshwater,Tilapia
26.68,7.01,24.87,31.74,High Salinity,Milkfish
24.9,7.83,1.37,25.51,Freshwater,Tilapia
28.58,8.14,2.39,12.85,Freshwater,Tilapia
29.03,8.07,22.81,38.38,High Salinity,Whiteleg Shrimp
26.97,8.76,21.99,17.22,High Salinity,Milkfish
30.42,7.7,16.3,30.64,High Salinity,Whiteleg Shrimp
30.23,8.25,17.66,25.05,High Salinity,Whiteleg Shrimp
29.99,7.51,27.38,27.18,High Salinity,Tiger Shrimp
29.37,6.5,3.11,18.74,Freshwater,Tilapia
30.56,7.98,16.97,20.7,High Salinity,Whiteleg Shrimp
25.92,7.95,10.15,39.66,Brackish,Milkfish
30.61,8.05,15.23,26.52,High Salinity,Whiteleg Shrimp
31.8,6.59,4.91,27.06,Freshwater,Catfish
27.81,7.52,10.79,41.22,Brackish,Milkfish
26.47,7.8,4.74,37.6,Freshwater,Catfish
27.03,7.87,24.04,36.49,High Salinity,Tiger Shrimp
27.16,7.95,19.47,30.74,High Salinity,Milkfish
29.65,6.7,3.24,25.61,Freshwater,Tilapia
29.06,7.39,32.11,33.85,High Salinity,Milkfish
28.9,8.12,13.59,26.49,Brackish,Whiteleg Shrimp
31.07,8.36,28.58,33.81,High Salinity,Milkfish
27.47,6.74,0.84,12.22,Freshwater,Tilapia
29.52,6.28,0.33,34.51,Freshwater,Catfish
31.75,7.32,0.0,20.21,Freshwater,Catfish
26.75,6.96,0.0,18.23,Freshwater,Tilapia
27.79,8.05,17.46,35.07,High Salinity,Tiger Shrimp
27.15,7.45,25.39,25.49,High Salinity,Tiger Shrimp
28.25,7.37,15.58,41.68,High Salinity,Milkfish
28.73,7.52,0.46,16.04,Freshwater,Tilapia
28.21,7.44,17.99,39.54,High Salinity,Whiteleg Shrimp
27.47,7.96,25.86,38.98,High Salinity,Milkfish
31.13,8.03,19.23,30.49,High Salinity,Milkfish
28.49,8.33,1.56,14.67,Freshwater,Tilapia
29.85,8.58,2.29,15.51,Freshwater,Tilapia
32.65,6.6,5.91,19.93,Brackish,Catfish
28.33,7.31,1.58,11.48,Freshwater,Catfish
25.52,7.19,2.65,20.54,Freshwater,Tilapia
31.47,6.91,10.44,36.93,Brackish,Milkfish
27.67,6.8,5.92,34.45,Brackish,Catfish
28.92,7.45,0.0,15.17,Freshwater,Tilapia
28.75,7.65,25.98,45.59,High Salinity,Tiger Shrimp
28.52,7.89,21.66,42.62,High Salinity,Whiteleg Shrimp
28.78,8.08,5.11,35.65,Brackish,Catfish
29.21,8.01,1.94,8.99,Freshwater,Tilapia
28.45,7.51,14.77,36.8,Brackish,Tiger Shrimp
24.55,6.5,0.34,7.22,Freshwater,Tilapia
27.28,8.3,15.94,36.31,High Salinity,Tiger Shrimp
27.44,7.53,19.53,21.38,High Salinity,Milkfish
31.18,7.54,29.43,38.91,High Salinity,Tiger Shrimp
29.32,7.34,24.16,39.56,High Salinity,Milkfish
27.33,7.16,1.36,35.21,Freshwater,Catfish
28.6,7.86,3.07,35.22,Freshwater,Catfish
32.15,8.1,6.01,17.87,Brackish,Catfish
29.98,8.12,23.79,44.95,High Salinity,Milkfish
27.1,7.87,30.48,38.9,High Salinity,Milkfish
26.73,7.1,7.28,35.29,Brackish,Catfish
30.41,8.54,31.19,23.73,High Salinity,Tiger Shrimp
24.03,7.98,4.59,20.37,Freshwater,Tilapia
32.28,7.67,5.42,30.44,Brackish,Catfish
29.47,8.6,1.98,14.81,Freshwater,Tilapia
26.88,7.49,22.71,39.85,High Salinity,Milkfish
27.32,8.01,23.38,29.38,High Salinity,Whiteleg Shrimp
30.78,7.89,28.66,37.4,High Salinity,Milkfish
29.55,8.47,23.95,19.62,High Salinity,Whiteleg Shrimp
29.61,7.47,13.35,30.15,Brackish,Milkfish
25.4,7.19,3.15,29.29,Freshwater,Tilapia
28.46,8.35,23.51,26.08,High Salinity,Tiger Shrimp
27.43,6.28,1.22,31.66,Freshwater,Catfish
28.84,7.82,17.42,28.9,High Salinity,Tiger Shrimp
25.29,7.25,3.52,28.87,Freshwater,Tilapia
28.71,7.83,16.23,39.3,High Salinity,Tiger Shrimp
31.33,7.88,23.38,34.83,High Salinity,Whiteleg Shrimp
25.04,7.42,3.88,6.44,Freshwater,Tilapia
28.83,7.84,3.31,10.32,Freshwater,Tilapia
29.8,7.01,4.61,14.64,Freshwater,Tilapia
26.12,7.59,2.39,14.97,Freshwater,Tilapia
28.97,7.26,3.24,35.68,Freshwater,Catfish
25.02,8.22,1.94,13.8,Freshwater,Tilapia
24.28,8.14,5.37,25.05,Brackish,Tilapia
31.73,7.72,28.29,20.75,High Salinity,Tiger Shrimp
27.57,7.42,4.14,16.5,Freshwater,Tilapia
31.25,7.76,23.45,48.43,High Salinity,Whiteleg Shrimp
26.91,7.43,4.45,24.95,Freshwater,Tilapia
30.91,7.83,24.27,43.19,High Salinity,Tiger Shrimp
26.87,6.87,4.62,27.34,Freshwater,Catfish
31.62,8.06,0.54,26.78,Freshwater,Catfish
25.3,8.0,3.55,15.35,Freshwater,Tilapia
31.35,7.74,24.29,17.21,High Salinity,Whiteleg Shrimp
30.24,7.75,7.39,22.1,Brackish,Catfish
31.71,7.33,17.81,41.18,High Salinity,Whiteleg Shrimp
28.11,7.73,31.52,46.35,High Salinity,Tiger Shrimp
29.74,7.31,10.55,44.35,Brackish,Milkfish
28.2,6.55,3.3,29.42,Freshwater,Catfish
28.13,7.69,16.18,27.28,High Salinity,Tiger Shrimp
27.09,7.17,1.61,27.88,Freshwater,Tilapia
24.98,6.85,2.53,19.47,Freshwater,Catfish
31.37,8.12,15.15,42.51,High Salinity,Milkfish
30.11,7.87,21.59,50.92,High Salinity,Tiger Shrimp
28.38,8.7,2.47,30.75,Freshwater,Tilapia
29.71,7.43,18.63,49.62,High Salinity,Tiger Shrimp
30.67,7.02,7.69,21.33,Brackish,Catfish
31.9,7.72,9.23,45.9,Brackish,Milkfish
24.46,8.12,0.98,21.5,Freshwater,Tilapia
26.86,7.34,4.46,22.5,Freshwater,Tilapia
30.95,7.46,27.39,35.46,High Salinity,Milkfish
27.92,8.13,1.95,19.24,Freshwater,Tilapia
25.08,6.86,6.98,31.98,Brackish,Catfish
31.19,8.58,18.09,44.71,High Salinity,Whiteleg Shrimp
29.52,7.75,22.14,57.99,High Salinity,Tiger Shrimp
29.29,6.37,3.18,25.06,Freshwater,Tilapia
31.04,7.43,6.54,31.42,Brackish,Catfish
29.01,7.21,2.56,24.6,Freshwater,Tilapia
24.95,8.08,2.46,10.45,Freshwater,Tilapia
28.57,7.57,23.69,38.07,High Salinity,Tiger Shrimp
30.31,7.39,4.29,28.19,Freshwater,Catfish
31.49,8.53,18.36,37.75,High Salinity,Whiteleg Shrimp
28.99,8.05,0.14,15.25,Freshwater,Tilapia
26.87,6.85,16.6,24.75,High Salinity,Milkfish
30.06,7.34,21.95,30.43,High Salinity,Whiteleg Shrimp
30.22,7.75,17.18,49.13,High Salinity,Whiteleg Shrimp
29.67,7.76,1.42,23.52,Freshwater,Catfish
26.6,8.32,10.01,36.42,Brackish,Milkfish
25.07,7.32,3.78,40.62,Freshwater,Catfish
30.34,6.76,1.47,28.25,Freshwater,Catfish
25.39,7.29,0.76,19.82,Freshwater,Tilapia
25.11,7.16,6.47,32.6,Brackish,Catfish
25.14,7.79,4.16,35.09,Freshwater,Catfish
28.44,7.56,15.56,22.65,High Salinity,Milkfish
26.06,6.37,2.94,21.62,Freshwater,Tilapia
29.87,7.97,25.94,30.42,High Salinity,Milkfish
27.91,8.55,22.22,28.69,High Salinity,Tiger Shrimp
30.17,8.1,2.45,27.17,Freshwater,Tilapia
31.08,8.16,25.33,45.76,High Salinity,Whiteleg Shrimp
29.49,8.25,21.21,25.91,High Salinity,Milkfish
30.9,7.74,6.26,21.05,Brackish,Catfish
29.21,8.67,3.46,7.02,Freshwater,Tilapia
31.02,7.69,5.6,23.92,Brackish,Catfish
32.3,7.75,2.61,36.17,Freshwater,Catfish
30.49,7.78,23.95,46.83,High Salinity,Tiger Shrimp
25.45,6.95,31.03,43.07,High Salinity,Milkfish
29.04,8.21,18.46,30.43,High Salinity,Tiger Shrimp
30.47,8.11,21.78,33.78,High Salinity,Milkfish
29.04,6.78,1.29,18.52,Freshwater,Tilapia
27.16,7.02,4.77,11.68,Freshwater,Tilapia
32.24,8.12,19.7,22.78,High Salinity,Whiteleg Shrimp
28.15,8.46,4.18,24.56,Freshwater,Tilapia
28.92,7.45,29.76,27.58,High Salinity,Tiger Shrimp
28.68,8.08,18.02,43.87,High Salinity,Tiger Shrimp
31.9,7.98,20.42,34.43,High Salinity,Milkfish
26.14,7.18,1.55,31.76,Freshwater,Catfish
26.1,6.6,1.91,25.2,Freshwater,Tilapia
29.5,7.79,23.12,40.09,High Salinity,Whiteleg Shrimp
27.85,6.77,5.13,31.94,Brackish,Catfish
27.59,8.23,28.01,16.53,High Salinity,Milkfish
24.95,7.0,3.77,27.26,Freshwater,Tilapia
26.9,7.08,8.61,33.91,Brackish,Catfish
29.45,8.1,16.68,22.25,High Salinity,Milkfish
31.11,7.87,19.26,25.91,High Salinity,Whiteleg Shrimp
30.16,7.31,27.11,25.84,High Salinity,Milkfish
26.21,7.27,19.44,34.31,High Salinity,Milkfish
29.36,7.33,8.26,39.94,Brackish,Catfish
25.97,7.59,2.08,17.32,Freshwater,Tilapia
32.16,7.84,17.74,30.28,High Salinity,Whiteleg Shrimp
25.96,7.07,2.55,23.14,Freshwater,Tilapia
27.8,7.47,18.69,37.72,High Salinity,Whiteleg Shrimp
31.93,7.98,19.86,40.47,High Salinity,Whiteleg Shrimp
25.81,8.13,0.2,16.13,Freshwater,Tilapia
28.54,6.38,2.85,13.16,Freshwater,Tilapia
28.69,7.7,31.03,28.07,High Salinity,Milkfish
25.78,6.55,1.02,29.35,Freshwater,Tilapia
28.76,7.86,22.85,50.76,High Salinity,Whiteleg Shrimp
27.96,7.91,25.5,55.69,High Salinity,Tiger Shrimp
26.96,7.18,3.65,19.89,Freshwater,Catfish
25.88,7.27,1.47,35.84,Freshwater,Catfish
30.54,7.37,3.86,19.23,Freshwater,Catfish
28.73,7.12,4.93,37.54,Freshwater,Catfish
28.95,7.73,25.7,29.54,High Salinity,Milkfish
29.43,7.79,24.34,39.02,High Salinity,Whiteleg Shrimp
28.6,8.7,0.0,16.32,Freshwater,Tilapia
29.12,8.42,14.98,28.94,Brackish,Tiger Shrimp
29.94,8.09,27.33,15.41,High Salinity,Milkfish
27.67,7.8,18.07,48.18,High Salinity,Whiteleg Shrimp
27.72,6.77,0.89,28.46,Freshwater,Catfish
27.0,8.41,1.42,20.78,Freshwater,Tilapia
27.0,7.54,7.21,30.92,Brackish,Catfish
25.18,7.25,0.0,23.16,Freshwater,Catfish
31.08,7.86,20.02,42.62,High Salinity,Whiteleg Shrimp
29.32,6.9,4.19,40.49,Freshwater,Catfish
28.85,8.08,0.81,24.39,Freshwater,Catfish
27.44,8.35,3.05,26.45,Freshwater,Tilapia
26.87,7.15,0.0,30.83,Freshwater,Catfish
26.98,8.39,22.03,42.62,High Salinity,Tiger Shrimp
26.66,7.13,13.89,28.11,Brackish,Milkfish
27.2,8.09,8.36,22.87,Brackish,Catfish
27.29,7.69,21.37,52.62,High Salinity,Whiteleg Shrimp
28.25,7.59,22.72,43.58,High Salinity,Tiger Shrimp
28.98,8.03,17.14,53.36,High Salinity,Whiteleg Shrimp
29.5,8.32,25.02,26.85,High Salinity,Milkfish
31.29,7.58,15.14,38.96,High Salinity,Whiteleg Shrimp
28.8,8.24,5.4,14.28,Brackish,Tilapia
28.75,7.72,1.15,13.8,Freshwater,Catfish
26.99,7.53,5.23,19.96,Brackish,Catfish
27.49,7.58,10.92,26.26,Brackish,Milkfish
29.89,7.58,23.84,32.01,High Salinity,Whiteleg Shrimp
30.61,8.31,25.97,31.45,High Salinity,Tiger Shrimp
28.56,8.32,24.97,26.22,High Salinity,Whiteleg Shrimp
31.54,7.66,16.38,25.7,High Salinity,Whiteleg Shrimp
30.38,8.43,18.12,22.62,High Salinity,Whiteleg Shrimp
29.81,7.38,27.6,21.88,High Salinity,Milkfish
25.38,7.2,6.91,30.34,Brackish,Catfish
28.34,7.18,4.87,33.54,Freshwater,Catfish
29.75,8.03,18.7,45.37,High Salinity,Whiteleg Shrimp
27.37,7.85,2.43,15.48,Freshwater,Tilapia
27.04,8.16,26.73,48.08,High Salinity,Tiger Shrimp
25.24,7.51,1.11,21.12,Freshwater,Tilapia
24.83,7.11,4.15,22.05,Freshwater,Tilapia
29.27,7.59,5.58,16.46,Brackish,Tilapia
28.07,7.97,31.69,29.24,High Salinity,Milkfish
27.34,7.94,18.88,29.43,High Salinity,Tiger Shrimp
30.37,7.1,20.67,18.85,High Salinity,Milkfish
28.63,6.93,0.0,40.06,Freshwater,Catfish
28.8,7.34,20.82,51.17,High Salinity,Whiteleg Shrimp
28.34,7.76,0.0,23.69,Freshwater,Tilapia
28.68,8.1,2.44,28.1,Freshwater,Catfish
29.86,7.18,18.75,46.98,High Salinity,Milkfish
30.64,7.08,0.86,35.8,Freshwater,Catfish
29.68,7.82,13.87,36.98,Brackish,Tiger Shrimp
28.39,7.82,27.3,36.87,High Salinity,Milkfish
29.77,7.47,22.89,33.16,High Salinity,Tiger Shrimp
25.17,7.54,2.25,25.17,Freshwater,Tilapia
28.41,7.17,34.3,28.44,High Salinity,Milkfish
28.12,6.59,1.29,29.79,Freshwater,Catfish
30.23,7.88,1.24,23.11,Freshwater,Catfish
25.27,7.24,2.5,23.73,Freshwater,Tilapia
26.52,8.77,13.67,37.51,Brackish,Tiger Shrimp
31.08,7.67,19.84,41.63,High Salinity,Whiteleg Shrimp
28.25,7.66,4.29,23.22,Freshwater,Catfish
26.07,6.36,0.61,20.98,Freshwater,Tilapia
27.17,6.92,1.29,35.37,Freshwater,Catfish
28.72,8.02,21.22,47.77,High Salinity,Whiteleg Shrimp
27.8,8.4,2.32,27.52,Freshwater,Tilapia
28.59,7.86,15.38,20.61,High Salinity,Whiteleg Shrimp
29.28,7.4,23.92,42.76,High Salinity,Milkfish
30.44,7.82,25.63,41.18,High Salinity,Tiger Shrimp
30.1,7.38,17.95,44.86,High Salinity,Tiger Shrimp
31.17,7.23,7.46,36.61,Brackish,Catfish
25.24,6.75,0.0,16.16,Freshwater,Tilapia
29.0,8.24,0.0,10.75,Freshwater,Tilapia
27.55,8.26,27.17,39.59,High Salinity,Tiger Shrimp
25.25,6.84,0.12,8.94,Freshwater,Tilapia
28.6,8.34,15.24,41.76,High Salinity,Tiger Shrimp
29.73,8.11,17.91,35.86,High Salinity,Whiteleg Shrimp
28.46,7.21,0.5,29.59,Freshwater,Tilapia
29.89,7.89,33.88,22.89,High Salinity,Milkfish
31.18,7.43,28.59,18.98,High Salinity,Milkfish
29.77,7.85,21.8,29.38,High Salinity,Milkfish
29.1,8.51,17.13,37.11,High Salinity,Tiger Shrimp
27.2,8.48,1.42,31.76,Freshwater,Tilapia
27.41,8.41,3.13,14.61,Freshwater,Tilapia
29.14,8.1,0.1,9.98,Freshwater,Tilapia
27.34,7.68,22.13,26.89,High Salinity,Whiteleg Shrimp
24.51,7.19,1.0,15.37,Freshwater,Tilapia
27.05,6.97,4.13,15.21,Freshwater,Tilapia
29.1,7.84,25.38,20.3,High Salinity,Whiteleg Shrimp
32.12,6.48,3.16,21.53,Freshwater,Catfish
29.04,7.03,5.63,28.22,Brackish,Catfish
27.51,8.18,20.25,31.95,High Salinity,Tiger Shrimp
29.24,7.97,3.73,18.5,Freshwater,Catfish
26.17,7.87,3.57,13.84,Freshwater,Tilapia
30.81,8.01,21.76,44.75,High Salinity,Whiteleg Shrimp
26.84,8.01,2.06,38.53,Freshwater,Catfish
32.17,7.97,6.16,27.62,Brackish,Catfish
29.7,8.15,22.33,28.29,High Salinity,Whiteleg Shrimp
30.98,7.22,10.6,35.7,Brackish,Milkfish
26.18,7.03,0.0,26.97,Freshwater,Catfish
28.48,7.84,23.25,30.17,High Salinity,Milkfish
30.82,8.0,25.83,49.58,High Salinity,Tiger Shrimp
28.59,7.98,31.55,43.96,High Salinity,Milkfish
27.51,8.18,18.73,40.99,High Salinity,Tiger Shrimp
29.47,8.23,17.25,33.52,High Salinity,Tiger Shrimp
29.91,6.42,5.73,33.68,Brackish,Catfish
27.28,8.04,1.32,16.15,Freshwater,Tilapia
27.32,7.0,4.16,34.67,Freshwater,Catfish
29.28,7.18,25.84,38.27,High Salinity,Milkfish
29.16,7.52,22.34,24.41,High Salinity,Milkfish
28.3,8.25,28.63,40.58,High Salinity,Tiger Shrimp
29.9,7.86,25.28,37.85,High Salinity,Tiger Shrimp
30.3,8.01,24.32,48.31,High Salinity,Tiger Shrimp
25.22,6.95,3.05,24.54,Freshwater,Tilapia
26.64,8.6,5.15,17.48,Brackish,Tilapia
30.86,7.61,21.35,38.38,High Salinity,Tiger Shrimp
29.67,8.23,30.81,47.17,High Salinity,Tiger Shrimp
31.69,8.4,25.31,38.08,High Salinity,Whiteleg Shrimp
27.05,8.62,26.51,34.58,High Salinity,Milkfish
29.66,8.11,27.58,46.46,High Salinity,Tiger Shrimp
30.76,8.05,15.64,31.33,High Salinity,Tiger Shrimp
27.53,7.83,18.62,37.17,High Salinity,Whiteleg Shrimp
27.81,7.02,3.78,15.8,Freshwater,Tilapia
31.36,8.13,8.45,25.36,Brackish,Catfish
25.71,6.96,4.42,38.47,Freshwater,Catfish
28.97,7.33,15.52,33.73,High Salinity,Milkfish
29.55,8.15,25.26,43.98,High Salinity,Whiteleg Shrimp
29.5,6.71,5.1,41.46,Brackish,Catfish
32.42,7.22,20.53,22.91,High Salinity,Milkfish
27.89,8.68,24.68,44.59,High Salinity,Milkfish
29.21,7.84,18.92,45.41,High Salinity,Whiteleg Shrimp
30.91,8.08,19.22,45.1,High Salinity,Milkfish
30.56,8.35,23.1,47.52,High Salinity,Whiteleg Shrimp
27.12,7.4,2.93,32.85,Freshwater,Tilapia
27.2,7.94,15.7,38.47,High Salinity,Whiteleg Shrimp
27.99,7.94,24.61,41.09,High Salinity,Tiger Shrimp
28.91,8.23,17.94,45.44,High Salinity,Tiger Shrimp
31.0,8.35,18.57,44.41,High Salinity,Whiteleg Shrimp
28.94,8.49,30.04,37.66,High Salinity,Tiger Shrimp
30.22,8.22,14.52,37.86,Brackish,Tiger Shrimp
29.95,7.7,1.85,18.63,Freshwater,Catfish
32.25,7.98,15.47,26.96,High Salinity,Whiteleg Shrimp
27.12,7.23,17.51,24.18,High Salinity,Whiteleg Shrimp
25.27,8.2,2.26,21.57,Freshwater,Tilapia
29.53,7.78,25.08,46.44,High Salinity,Whiteleg Shrimp
29.02,7.98,31.45,28.52,High Salinity,Milkfish
27.96,8.64,25.46,22.09,High Salinity,Tiger Shrimp
27.07,8.21,0.14,14.91,Freshwater,Tilapia
28.18,7.4,0.27,26.02,Freshwater,Tilapia
26.94,7.97,19.06,40.39,High Salinity,Milkfish
32.25,6.87,17.05,39.89,High Salinity,Milkfish
28.93,7.95,19.06,33.78,High Salinity,Tiger Shrimp
30.81,8.43,19.43,32.6,High Salinity,Tiger Shrimp
30.55,7.45,4.54,21.88,Freshwater,Catfish
28.33,7.73,4.94,21.87,Freshwater,Catfish
29.3,7.09,34.93,25.35,High Salinity,Milkfish
29.26,7.26,21.26,25.59,High Salinity,Milkfish
25.12,6.95,6.63,22.59,Brackish,Tilapia
27.87,7.43,16.8,45.43,High Salinity,Whiteleg Shrimp
28.87,7.54,0.89,18.77,Freshwater,Tilapia
27.64,7.31,13.33,31.74,Brackish,Milkfish
29.16,7.27,4.97,28.53,Freshwater,Catfish
26.95,7.11,3.67,24.24,Freshwater,Tilapia
30.02,7.43,22.05,47.54,High Salinity,Milkfish
25.78,8.29,3.52,23.27,Freshwater,Tilapia
30.59,7.97,20.15,35.56,High Salinity,Whiteleg Shrimp
28.18,8.04,29.28,26.77,High Salinity,Tiger Shrimp
31.37,7.43,24.71,24.31,High Salinity,Milkfish
29.17,8.29,16.63,40.37,High Salinity,Whiteleg Shrimp
25.87,8.15,4.57,21.35,Freshwater,Tilapia
24.85,8.02,4.36,20.75,Freshwater,Tilapia
31.56,8.07,21.4,43.46,High Salinity,Tiger Shrimp
24.59,6.37,3.33,22.07,Freshwater,Tilapia
28.23,8.24,17.76,34.62,High Salinity,Tiger Shrimp
28.55,7.43,0.0,17.8,Freshwater,Tilapia
31.42,7.59,17.1,33.35,High Salinity,Whiteleg Shrimp
28.4,7.92,24.97,46.67,High Salinity,Tiger Shrimp
28.64,6.87,8.0,34.85,Brackish,Catfish
29.49,7.38,15.12,36.62,High Salinity,Milkfish
27.51,7.63,25.9,32.68,High Salinity,Tiger Shrimp
27.5,6.8,6.51,31.93,Brackish,Catfish
29.67,7.45,32.32,28.82,High Salinity,Milkfish
27.99,7.93,5.47,17.81,Brackish,Tilapia
28.05,8.05,27.78,35.27,High Salinity,Tiger Shrimp
28.04,7.11,32.15,46.64,High Salinity,Milkfish
28.78,7.38,8.16,23.83,Brackish,Catfish
28.33,7.75,22.02,33.14,High Salinity,Tiger Shrimp
26.82,7.56,34.75,31.82,High Salinity,Milkfish
30.18,8.3,17.75,30.64,High Salinity,Whiteleg Shrimp
32.18,7.9,19.32,16.81,High Salinity,Whiteleg Shrimp
28.66,7.69,4.71,14.4,Freshwater,Tilapia
27.45,7.53,25.01,35.43,High Salinity,Milkfish
27.17,6.86,0.0,27.43,Freshwater,Tilapia
25.46,7.76,24.37,36.68,High Salinity,Milkfish
28.06,7.06,20.89,41.14,High Salinity,Milkfish
27.88,7.86,3.35,22.29,Freshwater,Tilapia
26.83,7.54,26.66,27.41,High Salinity,Milkfish
30.11,7.5,19.91,29.37,High Salinity,Tiger Shrimp
28.91,8.51,3.23,21.65,Freshwater,Tilapia
27.26,7.55,9.88,23.62,Brackish,Milkfish
30.16,7.06,15.14,23.08,High Salinity,Milkfish
28.4,7.51,20.14,46.48,High Salinity,Tiger Shrimp
28.24,7.47,22.79,34.3,High Salinity,Milkfish
28.89,8.19,28.03,45.74,High Salinity,Tiger Shrimp
30.75,7.27,1.11,20.09,Freshwater,Catfish
25.52,7.77,8.28,34.91,Brackish,Catfish
31.53,7.18,1.0,30.43,Freshwater,Catfish
32.31,8.49,15.12,30.12,High Salinity,Whiteleg Shrimp
25.4,7.52,1.37,10.51,Freshwater,Tilapia
28.41,7.74,0.0,23.61,Freshwater,Tilapia
31.07,8.3,18.28,43.86,High Salinity,Whiteleg Shrimp
26.4,7.02,0.0,24.03,Freshwater,Tilapia
24.48,8.5,3.62,7.92,Freshwater,Tilapia
29.45,6.86,1.43,30.67,Freshwater,Tilapia
28.45,7.88,28.6,32.59,High Salinity,Tiger Shrimp
27.85,6.59,2.99,22.14,Freshwater,Tilapia
24.98,7.83,0.0,26.26,Freshwater,Tilapia
25.46,8.33,0.78,32.03,Freshwater,Tilapia
29.48,8.64,22.99,49.12,High Salinity,Whiteleg Shrimp
28.04,7.5,11.63,31.8,Brackish,Milkfish
24.19,6.97,0.0,29.89,Freshwater,Tilapia
30.54,6.72,7.37,32.59,Brackish,Catfish
31.21,8.1,22.38,25.73,High Salinity,Whiteleg Shrimp
28.39,7.98,15.9,21.13,High Salinity,Whiteleg Shrimp
30.41,6.91,0.19,27.58,Freshwater,Catfish
30.09,7.27,21.2,32.17,High Salinity,Whiteleg Shrimp
29.63,8.25,3.98,7.09,Freshwater,Tilapia
32.02,7.57,32.52,22.23,High Salinity,Milkfish
26.52,7.66,19.56,32.39,High Salinity,Tiger Shrimp
27.47,6.64,5.11,26.37,Brackish,Tilapia
29.02,6.94,25.68,23.9,High Salinity,Milkfish
29.63,8.66,21.81,46.89,High Salinity,Whiteleg Shrimp
31.8,8.78,18.92,28.45,High Salinity,Whiteleg Shrimp
24.81,6.78,4.92,34.23,Freshwater,Catfish
32.05,8.36,21.83,46.21,High Salinity,Whiteleg Shrimp
28.82,8.32,27.34,23.77,High Salinity,Milkfish
24.62,8.37,1.39,22.13,Freshwater,Tilapia
29.15,7.43,16.41,34.76,High Salinity,Tiger Shrimp
28.63,7.0,3.89,14.12,Freshwater,Catfish
25.97,8.3,4.5,32.01,Freshwater,Tilapia
27.52,8.14,1.21,29.14,Freshwater,Catfish
28.21,7.45,4.23,18.88,Freshwater,Catfish
30.97,7.71,21.47,45.61,High Salinity,Whiteleg Shrimp
30.61,8.29,28.23,38.72,High Salinity,Tiger Shrimp
24.26,7.04,6.09,12.24,Brackish,Tilapia
29.81,8.1,17.1,32.19,High Salinity,Tiger Shrimp
31.56,8.4,25.57,46.65,High Salinity,Whiteleg Shrimp
28.88,8.68,22.82,30.02,High Salinity,Tiger Shrimp
28.62,8.29,20.59,46.46,High Salinity,Whiteleg Shrimp
30.44,7.64,18.45,33.33,High Salinity,Whiteleg Shrimp
26.36,6.88,1.88,15.83,Freshwater,Tilapia
25.5,6.43,4.25,23.67,Freshwater,Tilapia
27.29,6.97,1.52,28.9,Freshwater,Catfish
28.47,8.03,13.97,40.79,Brackish,Whiteleg Shrimp
29.96,8.36,19.08,25.05,High Salinity,Milkfish
28.78,7.7,4.46,18.18,Freshwater,Tilapia
30.56,8.07,23.13,40.79,High Salinity,Tiger Shrimp
28.21,7.64,1.71,27.52,Freshwater,Catfish
30.19,7.47,18.23,31.07,High Salinity,Milkfish
26.57,8.17,11.66,18.27,Brackish,Milkfish
30.05,8.05,27.76,32.4,High Salinity,Tiger Shrimp
30.75,7.42,22.47,37.63,High Salinity,Whiteleg Shrimp
28.82,7.59,19.25,36.02,High Salinity,Tiger Shrimp
25.65,6.7,6.92,38.52,Brackish,Catfish
30.9,6.61,6.5,40.0,Brackish,Catfish
29.29,6.7,5.37,33.62,Brackish,Catfish
30.58,8.57,23.39,42.84,High Salinity,Whiteleg Shrimp
24.88,6.97,2.57,15.56,Freshwater,Tilapia
25.17,6.52,3.33,19.49,Freshwater,Tilapia
31.07,6.38,4.09,20.49,Freshwater,Catfish
29.44,7.04,9.02,15.35,Brackish,Catfish
26.89,8.41,28.55,39.59,High Salinity,Milkfish
28.99,7.94,2.43,26.02,Freshwater,Catfish
26.9,6.74,3.71,20.98,Freshwater,Catfish
28.95,7.7,18.93,41.34,High Salinity,Whiteleg Shrimp
27.61,6.95,1.73,21.51,Freshwater,Tilapia
26.93,7.05,0.0,41.08,Freshwater,Catfish
30.04,8.05,4.92,24.13,Freshwater,Tilapia
28.75,7.99,17.74,27.36,High Salinity,Whiteleg Shrimp
27.68,7.97,4.01,39.56,Freshwater,Catfish
28.93,8.68,21.68,33.31,High Salinity,Whiteleg Shrimp
30.02,7.97,18.15,37.91,High Salinity,Tiger Shrimp
28.66,7.37,23.96,30.3,High Salinity,Tiger Shrimp
30.39,7.76,16.78,36.37,High Salinity,Milkfish
32.23,7.59,16.28,28.46,High Salinity,Whiteleg Shrimp
31.92,8.49,23.68,29.77,High Salinity,Whiteleg Shrimp
26.17,8.49,3.9,14.81,Freshwater,Tilapia
31.26,8.0,18.64,24.83,High Salinity,Whiteleg Shrimp
30.01,7.77,16.56,38.45,High Salinity,Milkfish
29.14,8.04,11.7,31.47,Brackish,Milkfish
30.61,7.14,5.49,29.61,Brackish,Catfish
29.92,7.97,27.15,25.39,High Salinity,Tiger Shrimp
31.42,7.26,15.62,25.31,High Salinity,Milkfish
30.45,8.39,18.83,40.12,High Salinity,Tiger Shrimp
29.17,7.75,25.71,42.88,High Salinity,Tiger Shrimp
29.34,7.44,16.51,40.69,High Salinity,Milkfish
28.59,6.64,4.57,42.51,Freshwater,Catfish
31.81,8.23,16.04,38.19,High Salinity,Tiger Shrimp
29.23,7.56,19.75,20.94,High Salinity,Whiteleg Shrimp
25.58,8.47,13.04,35.4,Brackish,Milkfish
29.38,7.86,3.61,23.66,Freshwater,Tilapia
29.4,7.32,13.5,26.75,Brackish,Whiteleg Shrimp
25.23,6.7,1.26,23.78,Freshwater,Tilapia
26.27,7.78,25.18,35.21,High Salinity,Milkfish
29.11,6.82,4.75,29.29,Freshwater,Catfish
26.67,7.54,3.52,22.26,Freshwater,Tilapia
29.87,7.24,21.88,41.41,High Salinity,Milkfish
29.08,8.02,29.15,34.57,High Salinity,Milkfish
27.49,8.28,18.89,35.55,High Salinity,Tiger Shrimp
31.49,7.68,14.21,55.01,Brackish,Tiger Shrimp
29.16,8.23,19.27,43.86,High Salinity,Whiteleg Shrimp
28.13,7.43,7.24,15.08,Brackish,Catfish
27.06,7.13,2.5,11.79,Freshwater,Tilapia
27.32,8.14,29.12,51.13,High Salinity,Tiger Shrimp
29.49,7.6,20.11,34.41,High Salinity,Whiteleg Shrimp
24.86,8.17,3.26,25.72,Freshwater,Tilapia
31.17,7.63,11.82,39.47,Brackish,Milkfish
28.85,8.63,19.93,46.31,High Salinity,Whiteleg Shrimp
27.95,7.61,24.32,48.84,High Salinity,Tiger Shrimp
31.3,7.54,34.47,38.73,High Salinity,Milkfish
28.83,7.19,5.23,21.53,Brackish,Catfish
30.14,7.49,22.08,44.13,High Salinity,Whiteleg Shrimp
28.21,8.17,28.35,35.13,High Salinity,Milkfish
27.48,8.35,0.0,24.83,Freshwater,Tilapia
30.15,8.16,19.44,31.12,High Salinity,Milkfish
31.15,7.98,21.07,27.18,High Salinity,Tiger Shrimp
32.15,8.72,15.99,24.46,High Salinity,Milkfish
29.07,7.99,3.48,17.54,Freshwater,Tilapia
30.95,7.34,19.76,27.91,High Salinity,Milkfish
31.42,8.3,16.91,33.65,High Salinity,Whiteleg Shrimp
29.58,8.1,20.4,48.53,High Salinity,Tiger Shrimp
28.9,8.01,4.62,20.68,Freshwater,Catfish
26.11,7.85,10.43,22.27,Brackish,Milkfish
27.75,8.71,31.54,36.22,High Salinity,Milkfish
31.44,7.56,25.21,41.04,High Salinity,Whiteleg Shrimp
26.48,7.6,27.11,18.71,High Salinity,Milkfish
27.08,8.31,17.41,33.01,High Salinity,Tiger Shrimp
27.27,7.77,13.94,40.83,Brackish,Milkfish
26.78,8.39,0.0,20.35,Freshwater,Tilapia
30.79,7.2,4.54,26.61,Freshwater,Catfish
29.55,7.81,29.19,39.3,High Salinity,Milkfish
30.42,8.59,22.22,49.38,High Salinity,Whiteleg Shrimp
27.8,7.76,14.03,31.97,Brackish,Tiger Shrimp
29.59,6.96,0.86,24.62,Freshwater,Tilapia
32.63,7.85,22.92,22.61,High Salinity,Whiteleg Shrimp
25.64,8.2,0.0,10.94,Freshwater,Tilapia
25.3,7.34,1.85,27.42,Freshwater,Tilapia
27.15,7.86,30.56,40.45,High Salinity,Milkfish
30.89,7.72,24.9,49.93,High Salinity,Whiteleg Shrimp
30.0,8.33,14.88,40.62,Brackish,Milkfish
29.94,8.41,21.57,28.71,High Salinity,Tiger Shrimp
30.64,7.7,31.76,24.08,High Salinity,Milkfish
30.98,7.95,14.86,44.4,Brackish,Whiteleg Shrimp
28.91,8.16,17.06,42.56,High Salinity,Whiteleg Shrimp
29.49,7.74,27.19,49.95,High Salinity,Tiger Shrimp
30.87,7.37,4.78,21.34,Freshwater,Catfish
27.39,8.22,22.71,39.97,High Salinity,Tiger Shrimp
28.29,7.76,20.19,28.23,High Salinity,Whiteleg Shrimp
31.59,7.43,22.55,32.5,High Salinity,Whiteleg Shrimp
32.33,6.56,1.81,34.25,Freshwater,Catfish
27.86,7.76,2.53,36.75,Freshwater,Catfish
26.22,8.05,2.95,25.65,Freshwater,Tilapia
29.33,7.83,23.08,48.14,High Salinity,Tiger Shrimp
29.73,7.01,1.43,26.87,Freshwater,Catfish
27.68,8.42,28.41,25.59,High Salinity,Milkfish
27.62,8.15,25.52,40.45,High Salinity,Milkfish
27.92,7.09,19.52,26.59,High Salinity,Milkfish
29.91,7.35,25.95,30.04,High Salinity,Milkfish
28.42,8.47,27.21,34.26,High Salinity,Tiger Shrimp
28.8,7.42,5.26,11.02,Brackish,Tilapia
31.19,8.49,17.12,42.82,High Salinity,Whiteleg Shrimp
29.26,7.78,4.4,35.38,Freshwater,Catfish
27.78,7.51,5.7,20.22,Brackish,Catfish
24.62,6.83,4.34,27.12,Freshwater,Catfish
31.12,8.49,19.95,40.08,High Salinity,Whiteleg Shrimp
27.65,8.11,20.62,30.04,High Salinity,Milkfish
31.25,7.42,10.88,36.92,Brackish,Milkfish
28.44,7.4,4.33,36.75,Freshwater,Catfish
29.07,7.91,20.39,39.32,High Salinity,Whiteleg Shrimp
27.39,8.06,23.58,21.9,High Salinity,Whiteleg Shrimp
31.61,7.69,17.93,43.63,High Salinity,Whiteleg Shrimp
28.46,6.36,3.79,24.9,Freshwater,Tilapia
29.64,7.45,22.94,33.63,High Salinity,Whiteleg Shrimp
28.42,7.36,6.27,18.93,Brackish,Tilapia
28.19,7.2,5.04,18.77,Brackish,Catfish
31.51,8.0,21.96,25.49,High Salinity,Whiteleg Shrimp
29.07,7.77,23.73,30.59,High Salinity,Whiteleg Shrimp
29.63,7.41,21.94,32.99,High Salinity,Tiger Shrimp
25.32,7.34,0.0,22.16,Freshwater,Tilapia
26.52,6.64,1.89,25.26,Freshwater,Tilapia
31.25,8.1,17.75,28.81,High Salinity,Whiteleg Shrimp
29.3,6.74,2.74,29.84,Freshwater,Catfish
26.44,7.33,0.02,28.65,Freshwater,Tilapia
30.04,8.18,15.89,47.48,High Salinity,Tiger Shrimp
27.62,6.51,0.65,18.64,Freshwater,Catfish
30.75,7.96,32.26,18.27,High Salinity,Milkfish
28.5,7.57,22.67,30.11,High Salinity,Milkfish
26.3,7.73,4.7,37.64,Freshwater,Catfish
24.71,8.07,2.58,19.7,Freshwater,Tilapia
26.95,6.5,9.53,22.22,Brackish,Catfish
32.07,8.2,20.28,44.43,High Salinity,Whiteleg Shrimp
31.64,7.13,21.07,35.48,High Salinity,Milkfish
28.68,7.96,22.2,21.0,High Salinity,Whiteleg Shrimp
25.52,7.35,4.09,18.57,Freshwater,Catfish
29.38,6.84,5.52,35.69,Brackish,Catfish
31.26,8.14,16.09,40.84,High Salinity,Milkfish
27.46,7.77,3.66,24.36,Freshwater,Catfish
31.01,7.69,21.8,34.65,High Salinity,Whiteleg Shrimp
29.27,7.68,25.24,23.14,High Salinity,Tiger Shrimp
27.54,8.18,19.6,55.09,High Salinity,Tiger Shrimp
29.19,8.06,18.05,45.11,High Salinity,Tiger Shrimp
27.87,8.23,13.65,28.85,Brackish,Whiteleg Shrimp
29.81,7.91,22.97,31.11,High Salinity,Tiger Shrimp
29.97,8.34,21.52,50.51,High Salinity,Whiteleg Shrimp
27.45,8.16,17.89,17.58,High Salinity,Whiteleg Shrimp
27.16,7.28,5.86,19.79,Brackish,Catfish
28.78,7.08,4.56,20.13,Freshwater,Tilapia
25.87,6.78,33.62,36.21,High Salinity,Milkfish
30.05,8.58,4.02,18.97,Freshwater,Tilapia
29.5,8.42,13.56,47.56,Brackish,Tiger Shrimp
30.69,8.35,16.36,41.52,High Salinity,Whiteleg Shrimp
28.5,7.25,29.51,46.28,High Salinity,Milkfish
26.81,8.39,16.91,34.17,High Salinity,Tiger Shrimp
28.01,6.72,8.76,30.17,Brackish,Catfish
27.48,8.09,16.63,49.49,High Salinity,Tiger Shrimp
25.85,8.31,27.94,41.63,High Salinity,Milkfish
30.75,6.53,0.0,26.45,Freshwater,Catfish
30.52,6.86,9.3,24.94,Brackish,Catfish
31.39,7.87,17.01,45.59,High Salinity,Whiteleg Shrimp
30.12,7.87,24.52,24.48,High Salinity,Whiteleg Shrimp
27.63,8.5,19.69,44.38,High Salinity,Whiteleg Shrimp
27.32,6.66,2.28,18.97,Freshwater,Catfish
31.31,8.18,19.74,33.77,High Salinity,Whiteleg Shrimp
29.69,7.91,16.99,41.3,High Salinity,Whiteleg Shrimp
27.97,7.74,22.98,48.11,High Salinity,Tiger Shrimp
24.78,6.34,4.8,19.63,Freshwater,Tilapia
30.13,7.87,20.56,42.74,High Salinity,Whiteleg Shrimp
28.81,8.17,2.45,26.41,Freshwater,Tilapia
26.97,7.94,22.96,27.46,High Salinity,Milkfish
26.85,7.0,33.43,44.01,High Salinity,Milkfish
31.73,7.75,24.96,30.09,High Salinity,Whiteleg Shrimp
31.1,8.6,17.29,37.06,High Salinity,Milkfish
30.31,8.0,18.78,35.98,High Salinity,Whiteleg Shrimp
30.39,7.57,18.73,45.66,High Salinity,Milkfish
32.31,8.64,15.36,28.96,High Salinity,Milkfish
27.43,7.43,3.23,28.56,Freshwater,Catfish
31.6,8.0,19.44,24.81,High Salinity,Milkfish
30.96,7.67,18.43,33.83,High Salinity,Milkfish
29.38,7.19,29.03,37.5,High Salinity,Milkfish
23.78,6.88,2.93,17.23,Freshwater,Tilapia
27.6,6.77,5.99,35.43,Brackish,Catfish
30.06,7.59,24.12,30.31,High Salinity,Milkfish
28.69,7.76,20.0,50.28,High Salinity,Whiteleg Shrimp
30.2,8.16,14.53,42.32,Brackish,Milkfish
31.0,8.08,20.96,18.36,High Salinity,Milkfish
30.87,8.45,32.17,48.65,High Salinity,Milkfish
27.95,7.4,30.2,32.26,High Salinity,Milkfish
27.48,7.81,22.84,39.75,High Salinity,Milkfish
31.75,8.41,20.94,31.74,High Salinity,Whiteleg Shrimp
28.47,7.59,25.08,38.45,High Salinity,Tiger Shrimp
27.89,7.75,21.72,36.65,High Salinity,Whiteleg Shrimp
29.82,7.82,17.59,52.8,High Salinity,Whiteleg Shrimp
32.1,6.97,5.74,30.34,Brackish,Catfish
29.81,7.59,21.57,30.19,High Salinity,Whiteleg Shrimp
28.06,7.2,16.07,20.62,High Salinity,Milkfish
27.52,7.6,8.32,35.68,Brackish,Catfish
31.39,7.73,20.22,43.99,High Salinity,Whiteleg Shrimp
30.13,7.85,19.3,25.87,High Salinity,Whiteleg Shrimp
29.98,8.19,26.11,33.0,High Salinity,Tiger Shrimp
28.48,7.43,26.35,42.67,High Salinity,Tiger Shrimp
24.53,6.77,0.0,18.85,Freshwater,Tilapia
26.77,6.8,0.0,23.25,Freshwater,Catfish
31.21,8.03,17.48,52.81,High Salinity,Tiger Shrimp
32.23,8.05,17.56,16.17,High Salinity,Whiteleg Shrimp
28.94,8.42,28.2,41.66,High Salinity,Milkfish
30.69,7.57,14.93,22.97,Brackish,Whiteleg Shrimp
31.82,6.86,7.71,23.84,Brackish,Catfish
31.64,7.63,19.98,49.15,High Salinity,Whiteleg Shrimp
27.54,7.56,4.4,27.98,Freshwater,Catfish
25.55,7.0,1.04,15.92,Freshwater,Tilapia
24.04,7.89,2.03,12.61,Freshwater,Tilapia
26.65,7.31,6.81,28.34,Brackish,Catfish
28.06,7.21,0.86,19.37,Freshwater,Catfish
30.82,6.26,5.3,25.62,Brackish,Catfish
31.93,8.28,21.94,40.73,High Salinity,Whiteleg Shrimp
26.94,7.72,2.61,20.59,Freshwater,Catfish
31.09,8.47,15.95,21.77,High Salinity,Tiger Shrimp
28.05,7.72,1.31,23.09,Freshwater,Tilapia
29.49,7.9,12.28,39.9,Brackish,Milkfish
28.13,7.67,4.91,37.21,Freshwater,Catfish
28.85,7.42,18.93,39.61,High Salinity,Milkfish
25.72,8.49,15.06,30.01,High Salinity,Milkfish
31.16,8.16,14.97,38.98,Brackish,Milkfish
30.01,7.47,13.86,41.85,Brackish,Milkfish
29.53,7.85,23.72,25.99,High Salinity,Whiteleg Shrimp
29.43,7.73,14.94,32.48,Brackish,Whiteleg Shrimp
30.01,7.47,31.07,23.41,High Salinity,Milkfish
27.86,8.45,22.22,38.49,High Salinity,Whiteleg Shrimp
26.15,7.87,2.87,17.19,Freshwater,Tilapia
24.75,7.08,4.21,17.21,Freshwater,Tilapia
29.31,7.6,15.47,25.98,High Salinity,Whiteleg Shrimp
29.73,8.05,2.61,26.16,Freshwater,Tilapia
29.09,7.33,3.78,32.88,Freshwater,Catfish
29.4,7.82,21.48,29.87,High Salinity,Whiteleg Shrimp
29.23,7.11,2.38,35.54,Freshwater,Catfish
30.48,7.4,18.99,43.17,High Salinity,Milkfish
28.94,7.97,21.05,31.92,High Salinity,Whiteleg Shrimp
30.34,6.95,2.76,12.03,Freshwater,Tilapia
27.38,8.04,26.16,50.32,High Salinity,Tiger Shrimp
32.12,8.07,19.52,32.36,High Salinity,Whiteleg Shrimp
26.0,7.95,2.14,21.8,Freshwater,Tilapia
30.47,7.82,15.17,26.42,High Salinity,Whiteleg Shrimp
25.0,7.17,2.79,23.02,Freshwater,Tilapia
30.84,8.4,22.1,37.78,High Salinity,Whiteleg Shrimp
29.44,7.89,22.54,52.19,High Salinity,Whiteleg Shrimp
30.53,7.56,16.46,17.75,High Salinity,Whiteleg Shrimp
27.06,6.55,2.8,14.7,Freshwater,Tilapia
30.11,8.14,27.23,55.94,High Salinity,Tiger Shrimp
30.26,7.51,1.09,18.96,Freshwater,Catfish
28.2,7.73,3.86,27.33,Freshwater,Catfish
27.94,7.37,4.08,28.63,Freshwater,Catfish
26.21,7.83,2.87,22.56,Freshwater,Tilapia
29.62,7.73,14.78,39.25,Brackish,Whiteleg Shrimp
26.05,7.37,0.45,29.55,Freshwater,Tilapia
30.33,7.61,22.24,27.31,High Salinity,Milkfish
30.53,8.05,22.73,45.73,High Salinity,Tiger Shrimp
29.52,7.83,19.31,32.64,High Salinity,Whiteleg Shrimp
30.34,8.13,25.29,39.08,High Salinity,Whiteleg Shrimp
27.07,7.6,0.25,29.12,Freshwater,Catfish
30.9,7.66,19.89,49.06,High Salinity,Whiteleg Shrimp
29.13,7.7,4.2,27.28,Freshwater,Tilapia
28.65,7.37,0.29,17.55,Freshwater,Tilapia
30.37,8.54,17.7,37.8,High Salinity,Tiger Shrimp
25.31,7.44,2.22,27.46,Freshwater,Catfish
28.2,8.71,25.85,30.52,High Salinity,Tiger Shrimp
28.99,8.13,23.17,24.8,High Salinity,Whiteleg Shrimp
27.43,8.43,22.78,47.57,High Salinity,Tiger Shrimp
29.95,6.88,3.5,26.99,Freshwater,Tilapia
29.72,7.56,16.57,29.14,High Salinity,Whiteleg Shrimp
27.54,7.27,1.77,19.34,Freshwater,Tilapia
31.71,7.88,21.79,47.34,High Salinity,Whiteleg Shrimp
32.66,7.91,13.62,25.45,Brackish,Milkfish
28.81,6.48,7.67,18.59,Brackish,Catfish
29.31,7.93,28.44,30.26,High Salinity,Tiger Shrimp
27.75,6.74,2.86,25.31,Freshwater,Tilapia
30.03,7.9,17.65,35.21,High Salinity,Tiger Shrimp
31.9,7.32,15.41,31.88,High Salinity,Whiteleg Shrimp
26.28,7.77,5.74,23.42,Brackish,Catfish
29.75,7.9,29.02,25.97,High Salinity,Tiger Shrimp
25.96,6.92,4.19,17.71,Freshwater,Catfish
23.87,6.86,3.21,28.81,Freshwater,Tilapia
32.06,6.73,7.26,40.98,Brackish,Catfish
30.25,8.29,18.14,51.03,High Salinity,Whiteleg Shrimp
28.62,7.77,18.67,22.73,High Salinity,Whiteleg Shrimp
28.99,7.47,28.66,38.32,High Salinity,Tiger Shrimp
31.29,8.29,24.26,52.8,High Salinity,Whiteleg Shrimp
26.74,8.18,19.05,51.35,High Salinity,Tiger Shrimp
28.43,7.88,17.66,54.36,High Salinity,Tiger Shrimp
28.94,8.2,18.64,45.7,High Salinity,Whiteleg Shrimp
28.26,6.77,2.25,12.2,Freshwater,Tilapia
26.85,7.92,20.02,46.31,High Salinity,Tiger Shrimp
32.21,8.38,18.19,43.17,High Salinity,Whiteleg Shrimp
25.49,8.23,2.11,19.75,Freshwater,Tilapia
25.8,6.7,3.23,38.41,Freshwater,Catfish
29.65,7.5,18.97,36.21,High Salinity,Whiteleg Shrimp
24.67,7.75,2.56,19.53,Freshwater,Catfish
27.94,8.02,21.59,36.71,High Salinity,Whiteleg Shrimp
29.94,7.71,26.38,27.53,High Salinity,Tiger Shrimp
29.15,6.55,1.64,14.24,Freshwater,Tilapia
27.89,7.02,5.73,23.4,Brackish,Tilapia
24.75,6.99,3.19,24.71,Freshwater,Catfish
27.76,7.38,4.31,18.78,Freshwater,Tilapia
28.91,6.74,4.12,24.02,Freshwater,Tilapia
27.82,7.4,13.14,48.78,Brackish,Milkfish
24.68,8.3,1.59,23.77,Freshwater,Tilapia
30.85,7.91,15.54,53.76,High Salinity,Tiger Shrimp
28.97,8.6,19.69,26.49,High Salinity,Milkfish
29.47,7.92,30.66,29.44,High Salinity,Tiger Shrimp
25.89,6.66,5.76,25.57,Brackish,Catfish
30.54,7.57,31.51,35.89,High Salinity,Milkfish
31.6,7.72,21.09,28.9,High Salinity,Tiger Shrimp
24.49,6.84,1.0,15.47,Freshwater,Catfish
30.21,7.89,16.87,42.66,High Salinity,Tiger Shrimp
31.14,7.57,18.93,35.74,High Salinity,Milkfish
29.11,7.3,18.12,38.21,High Salinity,Whiteleg Shrimp
28.88,7.63,12.65,34.24,Brackish,Milkfish
30.55,8.46,26.95,33.67,High Salinity,Tiger Shrimp
27.46,6.98,18.28,24.09,High Salinity,Milkfish
27.08,7.85,16.87,36.73,High Salinity,Tiger Shrimp
26.73,6.76,1.07,35.25,Freshwater,Catfish
26.8,8.24,27.51,41.74,High Salinity,Milkfish
28.17,8.33,19.02,26.94,High Salinity,Whiteleg Shrimp
28.34,7.72,27.66,56.09,High Salinity,Tiger Shrimp
23.84,8.45,0.31,17.49,Freshwater,Tilapia
26.22,6.82,0.77,18.12,Freshwater,Catfish
30.8,7.8,21.31,18.42,High Salinity,Whiteleg Shrimp
29.21,7.8,23.37,24.17,High Salinity,Whiteleg Shrimp
29.46,7.55,17.02,31.07,High Salinity,Tiger Shrimp
27.65,7.41,18.49,32.98,High Salinity,Whiteleg Shrimp
30.34,8.1,24.6,22.01,High Salinity,Whiteleg Shrimp
28.26,7.77,4.32,30.83,Freshwater,Tilapia
26.36,6.76,0.0,28.33,Freshwater,Tilapia
29.27,8.54,20.35,50.38,High Salinity,Tiger Shrimp
26.25,7.82,29.19,33.96,High Salinity,Milkfish
29.27,7.42,22.67,43.42,High Salinity,Milkfish
27.72,6.87,3.02,23.51,Freshwater,Tilapia
32.28,7.79,5.65,16.97,Brackish,Catfish
31.56,7.24,16.39,26.33,High Salinity,Milkfish
30.9,8.41,21.59,32.77,High Salinity,Whiteleg Shrimp
29.93,6.55,8.32,28.62,Brackish,Catfish
30.17,7.95,21.47,39.5,High Salinity,Whiteleg Shrimp
31.01,7.82,8.13,11.75,Brackish,Catfish
30.78,7.76,21.3,24.71,High Salinity,Tiger Shrimp
27.5,8.51,22.68,29.21,High Salinity,Tiger Shrimp
28.17,8.45,14.71,39.91,Brackish,Tiger Shrimp
32.75,7.47,9.46,32.38,Brackish,Milkfish
28.1,6.3,5.43,34.36,Brackish,Catfish
27.75,7.45,3.64,22.61,Freshwater,Tilapia
26.53,7.52,2.31,24.29,Freshwater,Tilapia
25.92,7.32,0.56,14.89,Freshwater,Tilapia
30.9,8.28,22.85,36.55,High Salinity,Tiger Shrimp
24.08,6.63,0.36,29.05,Freshwater,Tilapia
29.59,7.4,15.84,31.7,High Salinity,Whiteleg Shrimp
26.27,6.83,5.63,22.18,Brackish,Catfish
27.04,7.54,3.94,25.05,Freshwater,Tilapia
29.03,7.93,20.97,22.36,High Salinity,Whiteleg Shrimp
25.44,7.42,6.96,18.71,Brackish,Catfish
31.83,7.85,26.12,34.79,High Salinity,Milkfish
30.92,6.97,5.37,14.8,Brackish,Catfish
27.39,7.9,28.78,43.41,High Salinity,Milkfish
31.84,7.34,28.75,25.82,High Salinity,Milkfish
25.7,7.35,3.79,20.58,Freshwater,Tilapia
26.51,7.28,20.46,35.01,High Salinity,Milkfish
29.89,6.68,1.54,13.46,Freshwater,Tilapia
28.41,8.06,18.09,25.42,High Salinity,Whiteleg Shrimp
30.69,7.57,22.34,49.42,High Salinity,Whiteleg Shrimp
24.61,7.29,1.42,24.63,Freshwater,Tilapia
24.97,7.75,2.48,25.54,Freshwater,Tilapia
29.04,6.84,29.26,31.36,High Salinity,Milkfish
29.94,7.7,17.69,39.47,High Salinity,Whiteleg Shrimp
31.68,8.04,13.5,23.65,Brackish,Milkfish
27.43,8.24,14.4,49.26,Brackish,Whiteleg Shrimp
28.45,8.09,11.22,18.65,Brackish,Milkfish
29.75,6.92,31.4,34.39,High Salinity,Milkfish
31.23,7.82,18.72,46.35,High Salinity,Tiger Shrimp
27.77,6.41,0.0,39.06,Freshwater,Catfish
27.83,8.35,25.89,48.36,High Salinity,Tiger Shrimp
25.89,7.32,4.98,15.89,Freshwater,Catfish
29.8,8.45,23.43,32.14,High Salinity,Tiger Shrimp
28.93,8.2,22.05,43.51,High Salinity,Whiteleg Shrimp
28.68,8.47,1.66,29.48,Freshwater,Tilapia
27.79,7.03,35.55,29.13,High Salinity,Milkfish
29.9,7.61,24.67,27.64,High Salinity,Whiteleg Shrimp
29.93,8.05,15.37,29.28,High Salinity,Milkfish
25.75,8.75,2.48,18.87,Freshwater,Tilapia
28.56,6.73,2.59,12.79,Freshwater,Tilapia
28.93,7.88,2.71,10.68,Freshwater,Catfish
24.2,7.61,4.56,26.91,Freshwater,Tilapia
28.7,7.68,15.7,18.14,High Salinity,Whiteleg Shrimp
29.18,8.32,27.4,45.18,High Salinity,Tiger Shrimp
30.16,8.05,5.29,33.69,Brackish,Catfish
26.84,6.89,0.53,18.3,Freshwater,Tilapia
29.54,8.13,16.09,34.19,High Salinity,Milkfish
30.44,7.15,7.16,16.17,Brackish,Catfish
27.38,7.01,0.0,22.75,Freshwater,Catfish
31.91,7.76,3.45,43.46,Freshwater,Catfish
28.55,7.74,29.15,41.9,High Salinity,Milkfish
25.52,7.29,3.04,14.93,Freshwater,Catfish
24.91,6.98,0.58,19.46,Freshwater,Tilapia
27.32,7.8,20.16,26.81,High Salinity,Whiteleg Shrimp
30.91,7.67,14.31,28.92,Brackish,Milkfish
30.24,7.56,5.38,36.13,Brackish,Catfish
27.75,7.29,3.5,25.29,Freshwater,Tilapia
28.83,7.26,3.51,22.74,Freshwater,Tilapia
24.9,7.19,2.21,8.78,Freshwater,Tilapia
23.72,8.34,0.96,19.11,Freshwater,Tilapia
26.47,8.67,1.79,28.07,Freshwater,Tilapia
30.23,8.03,20.86,48.17,High Salinity,Whiteleg Shrimp
29.35,6.8,5.47,21.73,Brackish,Catfish
30.35,8.15,23.48,37.38,High Salinity,Tiger Shrimp
28.51,8.37,31.97,44.81,High Salinity,Milkfish
25.54,6.99,1.54,13.72,Freshwater,Tilapia
31.01,8.53,18.76,40.4,High Salinity,Whiteleg Shrimp
28.75,8.47,24.77,24.1,High Salinity,Whiteleg Shrimp
25.19,6.63,0.81,17.77,Freshwater,Tilapia
32.41,8.39,18.59,24.51,High Salinity,Whiteleg Shrimp
27.59,8.02,11.69,39.32,Brackish,Milkfish
31.33,7.96,4.77,27.82,Freshwater,Catfish
26.68,8.47,26.68,25.35,High Salinity,Tiger Shrimp
30.01,7.96,14.26,27.02,Brackish,Whiteleg Shrimp
30.55,7.57,19.0,38.96,High Salinity,Tiger Shrimp
28.35,8.2,17.52,42.38,High Salinity,Whiteleg Shrimp
25.47,7.01,5.05,33.41,Brackish,Catfish
28.43,8.14,26.73,38.25,High Salinity,Tiger Shrimp
29.8,8.73,22.17,26.61,High Salinity,Whiteleg Shrimp
27.59,6.96,4.35,19.38,Freshwater,Catfish
31.54,7.42,7.14,26.82,Brackish,Catfish
26.02,7.15,0.45,11.1,Freshwater,Tilapia
26.59,8.17,0.0,18.31,Freshwater,Tilapia
29.85,7.46,3.96,18.93,Freshwater,Tilapia
29.25,8.32,32.74,27.24,High Salinity,Milkfish
28.73,7.43,15.97,47.64,High Salinity,Whiteleg Shrimp
27.4,7.27,6.23,23.89,Brackish,Catfish
29.45,6.68,4.86,22.43,Freshwater,Catfish
25.06,7.74,4.58,17.19,Freshwater,Tilapia
31.73,7.92,17.24,32.49,High Salinity,Milkfish
30.97,7.35,7.39,22.49,Brackish,Catfish
27.74,8.19,23.18,42.65,High Salinity,Tiger Shrimp
28.59,7.28,2.12,8.39,Freshwater,Tilapia
27.96,7.67,26.97,47.23,High Salinity,Tiger Shrimp
27.4,6.97,25.86,41.04,High Salinity,Milkfish
28.19,8.1,17.89,42.06,High Salinity,Whiteleg Shrimp
30.7,8.1,16.05,50.25,High Salinity,Tiger Shrimp
27.06,7.6,1.56,7.53,Freshwater,Tilapia
29.05,7.82,22.41,27.14,High Salinity,Whiteleg Shrimp
31.72,7.32,21.59,46.87,High Salinity,Whiteleg Shrimp
26.94,6.49,0.87,30.46,Freshwater,Tilapia
29.44,7.61,16.1,44.87,High Salinity,Whiteleg Shrimp
30.3,8.15,25.01,42.15,High Salinity,Tiger Shrimp
25.55,8.26,5.47,25.44,Brackish,Catfish
27.81,8.16,24.17,40.35,High Salinity,Tiger Shrimp
28.68,8.28,3.04,7.91,Freshwater,Tilapia
27.53,6.77,3.7,29.24,Freshwater,Catfish
28.35,8.19,24.69,40.51,High Salinity,Whiteleg Shrimp
29.68,7.79,14.41,35.71,Brackish,Milkfish
29.33,6.86,0.94,21.9,Freshwater,Tilapia
27.07,7.03,3.8,13.29,Freshwater,Tilapia
24.04,8.59,4.78,20.06,Freshwater,Tilapia
29.04,7.91,17.22,32.34,High Salinity,Whiteleg Shrimp
24.94,7.76,2.72,9.08,Freshwater,Tilapia
32.24,8.04,19.03,33.47,High Salinity,Whiteleg Shrimp
28.31,7.95,33.97,28.3,High Salinity,Milkfish
28.38,7.38,17.25,49.77,High Salinity,Whiteleg Shrimp
30.86,7.55,13.23,35.41,Brackish,Milkfish
30.64,8.38,15.13,16.76,High Salinity,Whiteleg Shrimp
28.34,7.41,1.58,8.71,Freshwater,Tilapia
26.62,7.89,21.69,38.44,High Salinity,Tiger Shrimp
32.3,7.48,3.06,19.86,Freshwater,Catfish
30.66,7.22,8.18,40.49,Brackish,Catfish
30.43,6.51,6.7,14.68,Brackish,Catfish
30.49,7.58,20.01,40.95,High Salinity,Whiteleg Shrimp
31.84,7.77,26.77,46.96,High Salinity,Milkfish
31.14,7.22,2.59,37.47,Freshwater,Catfish
30.64,7.15,2.13,14.64,Freshwater,Catfish
29.99,8.25,11.49,35.94,Brackish,Milkfish
25.86,6.77,2.51,20.18,Freshwater,Catfish
24.35,8.18,5.81,12.8,Brackish,Tilapia
26.28,8.14,20.43,52.19,High Salinity,Tiger Shrimp
30.32,8.27,17.43,51.92,High Salinity,Whiteleg Shrimp
26.12,7.43,2.0,28.13,Freshwater,Tilapia
28.85,7.86,2.35,25.79,Freshwater,Catfish
31.99,7.2,23.28,35.73,High Salinity,Milkfish
28.04,7.19,3.66,30.89,Freshwater,Catfish
26.27,8.08,23.87,35.25,High Salinity,Milkfish
27.34,8.11,19.23,55.27,High Salinity,Tiger Shrimp
26.23,8.43,17.89,37.51,High Salinity,Milkfish
26.64,7.78,26.86,46.94,High Salinity,Milkfish
31.86,7.9,19.62,37.0,High Salinity,Whiteleg Shrimp
29.45,7.89,22.28,45.59,High Salinity,Whiteleg Shrimp
27.07,7.58,7.04,34.06,Brackish,Catfish
28.78,8.44,29.43,47.85,High Salinity,Tiger Shrimp
25.13,8.36,6.29,9.95,Brackish,Tilapia
28.93,7.91,2.16,18.95,Freshwater,Tilapia
28.05,7.68,24.53,34.86,High Salinity,Milkfish
28.68,6.77,5.4,24.64,Brackish,Catfish
31.19,8.37,18.0,40.73,High Salinity,Milkfish
27.8,8.13,19.29,53.55,High Salinity,Tiger Shrimp
30.66,8.33,16.71,35.26,High Salinity,Tiger Shrimp
24.55,7.06,0.5,31.18,Freshwater,Tilapia
28.34,8.16,18.04,24.4,High Salinity,Whiteleg Shrimp
28.97,8.52,18.89,35.31,High Salinity,Whiteleg Shrimp
27.81,6.79,4.64,24.49,Freshwater,Catfish
27.1,8.08,10.36,42.71,Brackish,Milkfish
25.91,6.99,6.01,26.27,Brackish,Tilapia
28.65,8.44,16.37,27.94,High Salinity,Tiger Shrimp
27.99,7.87,21.16,44.63,High Salinity,Tiger Shrimp
28.25,7.39,7.04,32.22,Brackish,Catfish
26.67,6.48,3.14,22.5,Freshwater,Catfish
31.59,7.08,3.96,21.31,Freshwater,Catfish
32.65,7.78,34.64,29.71,High Salinity,Milkfish
31.24,8.23,14.8,31.17,Brackish,Whiteleg Shrimp
24.74,8.33,0.94,22.38,Freshwater,Tilapia
29.23,7.43,18.58,20.54,High Salinity,Whiteleg Shrimp
32.63,8.56,11.62,30.63,Brackish,Milkfish
26.35,7.82,0.06,15.49,Freshwater,Catfish
28.31,7.99,19.92,32.73,High Salinity,Whiteleg Shrimp
25.67,8.19,30.24,27.23,High Salinity,Milkfish
27.43,8.2,3.79,32.11,Freshwater,Tilapia
29.56,7.62,23.12,39.37,High Salinity,Whiteleg Shrimp
28.2,6.88,3.07,20.57,Freshwater,Tilapia
30.09,7.28,0.99,35.24,Freshwater,Catfish
28.6,8.14,18.33,34.0,High Salinity,Whiteleg Shrimp
30.38,7.31,23.98,34.61,High Salinity,Milkfish
28.79,6.52,7.6,26.42,Brackish,Catfish
28.38,8.26,22.1,26.33,High Salinity,Whiteleg Shrimp
28.66,7.16,5.11,37.8,Brackish,Catfish
26.23,7.96,1.71,26.09,Freshwater,Catfish
26.47,8.25,4.33,29.21,Freshwater,Tilapia
29.71,8.34,26.54,32.23,High Salinity,Milkfish
26.81,7.82,33.51,37.87,High Salinity,Milkfish
26.54,6.42,1.7,19.36,Freshwater,Catfish
27.15,7.87,27.01,42.55,High Salinity,Tiger Shrimp
31.67,8.08,16.16,36.94,High Salinity,Tiger Shrimp
28.41,7.34,22.56,46.56,High Salinity,Milkfish
26.75,6.86,0.87,28.02,Freshwater,Tilapia
28.61,7.25,24.25,29.46,High Salinity,Tiger Shrimp
29.03,7.73,14.79,43.23,Brackish,Tiger Shrimp
27.03,7.51,14.89,24.21,Brackish,Milkfish
25.19,7.89,5.19,19.47,Brackish,Tilapia
28.7,7.66,0.0,33.14,Freshwater,Catfish
28.15,8.63,18.13,31.35,High Salinity,Tiger Shrimp
29.97,8.28,24.57,29.25,High Salinity,Milkfish
31.67,7.84,22.69,30.85,High Salinity,Whiteleg Shrimp
31.2,7.9,20.93,40.9,High Salinity,Whiteleg Shrimp
29.93,8.39,14.87,27.64,Brackish,Whiteleg Shrimp
25.03,8.3,2.46,12.17,Freshwater,Tilapia
27.42,7.76,19.98,24.04,High Salinity,Milkfish
28.68,7.54,16.33,43.8,High Salinity,Milkfish
29.29,7.83,17.35,26.41,High Salinity,Milkfish
28.01,7.5,5.92,13.91,Brackish,Tilapia
26.79,7.43,4.87,26.28,Freshwater,Tilapia
28.3,8.7,0.82,9.44,Freshwater,Tilapia
28.74,8.64,28.2,22.88,High Salinity,Milkfish
26.35,7.57,26.5,31.51,High Salinity,Tiger Shrimp
25.08,7.81,3.26,16.21,Freshwater,Tilapia
29.19,7.69,20.42,46.38,High Salinity,Tiger Shrimp
28.81,8.47,14.7,21.73,Brackish,Whiteleg Shrimp
25.37,7.66,2.44,14.57,Freshwater,Tilapia
26.16,7.89,12.03,30.22,Brackish,Milkfish
26.92,7.48,9.44,41.09,Brackish,Milkfish
30.81,8.02,21.93,31.68,High Salinity,Whiteleg Shrimp
26.75,7.56,19.46,20.88,High Salinity,Milkfish
29.14,7.68,26.0,26.51,High Salinity,Whiteleg Shrimp
29.06,7.33,21.55,30.86,High Salinity,Milkfish
25.77,7.74,26.6,19.95,High Salinity,Milkfish
25.69,7.06,1.77,28.24,Freshwater,Tilapia
27.95,7.55,12.86,46.2,Brackish,Milkfish
25.98,7.33,22.67,37.94,High Salinity,Milkfish
30.08,7.33,1.71,25.68,Freshwater,Catfish
26.71,8.11,1.9,12.71,Freshwater,Tilapia
30.44,7.46,16.63,36.65,High Salinity,Milkfish
27.65,7.81,6.17,25.76,Brackish,Tilapia
30.69,8.15,22.95,36.9,High Salinity,Tiger Shrimp
31.18,8.21,14.59,26.01,Brackish,Whiteleg Shrimp
29.26,7.87,13.2,39.9,Brackish,Milkfish
27.69,8.62,3.96,20.66,Freshwater,Tilapia
30.74,7.83,19.81,46.03,High Salinity,Whiteleg Shrimp
30.72,7.95,30.99,33.68,High Salinity,Milkfish
28.43,8.48,29.25,38.75,High Salinity,Tiger Shrimp
31.6,7.8,19.39,37.73,High Salinity,Whiteleg Shrimp
27.15,8.38,25.04,33.61,High Salinity,Tiger Shrimp
31.91,8.17,25.62,45.48,High Salinity,Milkfish
26.6,8.22,2.07,20.67,Freshwater,Tilapia
29.69,7.82,7.59,35.92,Brackish,Catfish
29.61,8.14,22.69,30.4,High Salinity,Tiger Shrimp
31.36,7.49,10.11,19.88,Brackish,Milkfish
30.45,8.17,21.91,52.42,High Salinity,Tiger Shrimp
28.24,7.83,16.73,59.81,High Salinity,Tiger Shrimp
29.04,8.25,17.0,25.55,High Salinity,Whiteleg Shrimp
27.93,7.58,0.08,23.22,Freshwater,Tilapia
30.52,8.21,22.26,35.34,High Salinity,Tiger Shrimp
24.61,8.06,6.53,25.59,Brackish,Catfish
29.82,7.74,20.06,37.93,High Salinity,Whiteleg Shrimp
28.79,7.38,15.68,26.67,High Salinity,Milkfish
30.07,8.2,5.3,12.08,Brackish,Tilapia
29.71,7.8,24.97,30.46,High Salinity,Tiger Shrimp
30.69,8.6,25.5,38.69,High Salinity,Milkfish
28.51,7.53,21.14,17.75,High Salinity,Whiteleg Shrimp
26.72,7.24,0.0,26.12,Freshwater,Tilapia
28.27,8.05,36.02,44.94,High Salinity,Milkfish
27.36,8.33,11.79,20.55,Brackish,Milkfish
30.8,6.47,8.21,33.1,Brackish,Catfish
30.06,7.42,6.72,24.68,Brackish,Catfish
30.86,7.89,34.8,26.48,High Salinity,Milkfish
30.77,7.89,15.25,35.83,High Salinity,Whiteleg Shrimp
29.95,7.37,0.68,33.86,Freshwater,Catfish
30.32,8.31,27.31,32.79,High Salinity,Tiger Shrimp
24.48,6.53,4.63,16.38,Freshwater,Tilapia
31.14,7.35,25.86,32.63,High Salinity,Milkfish
28.66,7.91,21.91,21.89,High Salinity,Whiteleg Shrimp
29.55,7.7,24.44,32.74,High Salinity,Whiteleg Shrimp
28.57,6.51,5.28,28.9,Brackish,Catfish
27.11,7.51,0.0,32.92,Freshwater,Tilapia
28.49,7.53,13.7,43.15,Brackish,Whiteleg Shrimp
31.56,7.12,17.91,35.33,High Salinity,Milkfish
25.77,8.08,29.39,32.15,High Salinity,Milkfish
28.5,7.03,1.92,29.59,Freshwater,Tilapia
28.35,6.91,2.92,20.7,Freshwater,Tilapia
26.74,6.83,2.06,11.86,Freshwater,Tilapia
30.43,7.19,21.31,27.87,High Salinity,Milkfish
25.29,6.94,5.74,38.17,Brackish,Catfish
27.5,7.44,7.3,26.3,Brackish,Catfish
28.56,7.98,13.22,27.12,Brackish,Milkfish
29.59,6.83,1.62,29.6,Freshwater,Catfish
31.76,7.31,4.65,19.6,Freshwater,Catfish
29.71,7.73,28.23,26.3,High Salinity,Milkfish
29.83,8.15,28.49,40.31,High Salinity,Tiger Shrimp
27.67,7.4,16.64,21.91,High Salinity,Milkfish
31.25,8.5,14.87,44.84,Brackish,Tiger Shrimp
27.45,7.93,27.01,50.76,High Salinity,Tiger Shrimp
25.73,7.35,3.07,20.97,Freshwater,Tilapia
24.67,6.33,5.09,28.33,Brackish,Tilapia
29.83,7.87,19.33,45.72,High Salinity,Tiger Shrimp
28.44,7.6,16.02,47.07,High Salinity,Whiteleg Shrimp
28.61,8.21,30.68,33.3,High Salinity,Milkfish
30.89,8.11,22.23,25.31,High Salinity,Whiteleg Shrimp
28.98,7.85,5.67,15.02,Brackish,Catfish
28.14,7.4,17.69,26.53,High Salinity,Whiteleg Shrimp
29.03,8.13,22.23,42.24,High Salinity,Whiteleg Shrimp
29.02,8.11,22.8,44.52,High Salinity,Whiteleg Shrimp
28.18,7.39,5.19,8.42,Brackish,Tilapia
31.59,8.61,15.79,22.75,High Salinity,Whiteleg Shrimp
32.62,7.64,23.26,25.87,High Salinity,Whiteleg Shrimp
27.15,7.42,5.5,31.65,Brackish,Catfish
27.38,8.25,6.21,14.99,Brackish,Tilapia
31.21,7.21,27.9,29.24,High Salinity,Milkfish
32.17,6.76,2.14,23.64,Freshwater,Catfish
32.25,8.38,18.95,30.51,High Salinity,Whiteleg Shrimp
29.4,6.72,2.88,10.65,Freshwater,Catfish
30.87,7.53,23.62,31.23,High Salinity,Whiteleg Shrimp
29.62,7.95,23.05,35.42,High Salinity,Whiteleg Shrimp
31.77,8.0,21.28,26.57,High Salinity,Whiteleg Shrimp
28.39,8.53,5.41,14.62,Brackish,Tilapia
29.79,7.06,4.28,14.27,Freshwater,Tilapia
26.09,8.37,4.09,17.01,Freshwater,Tilapia
30.28,7.74,20.56,37.22,High Salinity,Whiteleg Shrimp
24.72,7.31,7.23,30.65,Brackish,Catfish
27.86,7.87,3.04,16.63,Freshwater,Tilapia
28.23,7.83,23.93,40.41,High Salinity,Whiteleg Shrimp
28.53,8.59,4.88,14.23,Freshwater,Tilapia
26.6,6.6,1.04,27.3,Freshwater,Catfish
26.02,6.87,7.4,17.88,Brackish,Catfish
30.36,6.89,1.28,13.4,Freshwater,Tilapia
30.24,6.84,28.98,43.32,High Salinity,Milkfish
32.48,8.18,18.35,37.56,High Salinity,Milkfish
28.97,7.52,26.81,49.07,High Salinity,Tiger Shrimp
25.43,8.18,2.09,27.19,Freshwater,Tilapia
27.21,8.13,25.07,28.59,High Salinity,Tiger Shrimp
27.82,7.48,17.49,32.38,High Salinity,Whiteleg Shrimp
27.61,7.98,1.9,35.98,Freshwater,Catfish
24.51,6.67,0.0,30.08,Freshwater,Catfish
31.16,7.9,32.59,20.64,High Salinity,Milkfish
29.73,8.07,17.85,40.82,High Salinity,Whiteleg Shrimp
30.81,8.12,27.24,51.55,High Salinity,Tiger Shrimp
27.81,7.43,2.65,24.46,Freshwater,Tilapia
27.75,8.07,22.78,29.06,High Salinity,Whiteleg Shrimp
30.35,7.18,1.62,24.71,Freshwater,Tilapia
31.83,8.46,23.0,30.45,High Salinity,Milkfish
29.46,8.06,18.79,35.14,High Salinity,Tiger Shrimp
26.3,7.78,26.24,34.01,High Salinity,Tiger Shrimp
29.59,7.48,24.65,17.46,High Salinity,Milkfish
24.75,8.02,1.28,14.01,Freshwater,Tilapia
31.84,7.72,4.05,17.64,Freshwater,Catfish
25.65,7.45,17.07,26.02,High Salinity,Milkfish
28.9,7.9,32.5,43.85,High Salinity,Milkfish
25.73,8.03,1.23,19.46,Freshwater,Tilapia
30.01,8.05,16.52,41.74,High Salinity,Tiger Shrimp
25.11,6.91,7.9,24.32,Brackish,Catfish
29.08,8.13,20.05,41.07,High Salinity,Whiteleg Shrimp
32.53,7.82,8.31,19.75,Brackish,Catfish
32.0,7.22,8.18,44.1,Brackish,Milkfish
29.88,6.58,4.16,13.74,Freshwater,Catfish
26.74,6.77,0.0,29.26,Freshwater,Catfish
28.0,7.94,14.91,54.54,Brackish,Tiger Shrimp
31.17,8.42,19.67,41.92,High Salinity,Tiger Shrimp
31.4,8.33,17.14,30.51,High Salinity,Whiteleg Shrimp
28.44,8.05,5.31,29.06,Brackish,Catfish
29.76,7.98,29.28,33.11,High Salinity,Milkfish
27.78,7.73,26.55,34.04,High Salinity,Tiger Shrimp
26.43,8.07,0.0,18.58,Freshwater,Tilapia
28.57,8.08,21.08,47.67,High Salinity,Tiger Shrimp
29.64,8.22,27.99,52.36,High Salinity,Tiger Shrimp
26.37,7.65,3.26,32.73,Freshwater,Catfish
30.61,8.13,11.13,15.28,Brackish,Milkfish
27.04,6.88,1.26,33.52,Freshwater,Catfish
29.69,8.59,19.93,34.11,High Salinity,Tiger Shrimp
27.98,7.44,0.17,33.23,Freshwater,Catfish
25.62,6.54,7.78,14.03,Brackish,Catfish
25.16,7.77,3.61,16.83,Freshwater,Tilapia
28.04,6.66,3.41,33.64,Freshwater,Catfish
26.63,7.36,4.7,23.47,Freshwater,Tilapia
28.53,6.43,3.74,36.24,Freshwater,Catfish
28.14,7.85,22.81,26.4,High Salinity,Milkfish
28.24,6.54,5.28,34.1,Brackish,Catfish
28.09,8.46,19.29,51.76,High Salinity,Whiteleg Shrimp
28.33,7.34,31.33,31.05,High Salinity,Tiger Shrimp
27.56,7.08,4.3,38.53,Freshwater,Catfish
25.75,8.46,11.01,32.38,Brackish,Milkfish
30.23,7.79,17.34,20.1,High Salinity,Whiteleg Shrimp
30.59,7.08,34.33,24.82,High Salinity,Milkfish
29.49,7.61,18.29,36.68,High Salinity,Whiteleg Shrimp
26.3,7.78,18.48,44.56,High Salinity,Tiger Shrimp
25.6,7.11,1.65,22.41,Freshwater,Tilapia
27.55,7.47,20.57,48.55,High Salinity,Tiger Shrimp
31.45,8.05,17.8,34.21,High Salinity,Whiteleg Shrimp
31.88,8.08,17.09,19.55,High Salinity,Milkfish
29.78,8.15,27.99,20.91,High Salinity,Milkfish
26.56,7.96,6.08,34.82,Brackish,Catfish
30.77,8.25,16.53,41.9,High Salinity,Whiteleg Shrimp
30.51,7.53,0.35,23.2,Freshwater,Catfish
27.78,7.57,5.02,20.29,Brackish,Tilapia
26.48,6.61,5.31,26.46,Brackish,Catfish
29.18,7.91,23.08,46.55,High Salinity,Whiteleg Shrimp
30.86,7.51,17.11,45.02,High Salinity,Whiteleg Shrimp
24.45,7.09,3.93,31.45,Freshwater,Tilapia
28.13,8.16,0.43,29.72,Freshwater,Catfish
29.83,6.99,0.74,27.43,Freshwater,Catfish
28.78,7.37,1.59,23.36,Freshwater,Tilapia
29.55,7.78,24.64,48.42,High Salinity,Whiteleg Shrimp
28.94,7.53,18.2,35.06,High Salinity,Whiteleg Shrimp
29.98,8.18,20.14,27.79,High Salinity,Tiger Shrimp
27.17,7.79,0.43,24.05,Freshwater,Tilapia
30.58,8.04,16.31,43.79,High Salinity,Whiteleg Shrimp
27.1,7.36,26.69,47.91,High Salinity,Tiger Shrimp
26.15,7.92,1.54,28.88,Freshwater,Tilapia
28.44,8.16,17.78,33.11,High Salinity,Whiteleg Shrimp
30.11,8.19,21.71,27.89,High Salinity,Whiteleg Shrimp
25.93,7.41,22.41,26.55,High Salinity,Milkfish
28.03,7.33,26.34,35.53,High Salinity,Milkfish
32.68,8.53,16.12,36.3,High Salinity,Milkfish
28.67,7.29,19.12,25.57,High Salinity,Milkfish
27.31,8.14,4.05,11.5,Freshwater,Tilapia
26.98,7.45,0.0,14.83,Freshwater,Catfish
26.53,8.16,20.09,28.26,High Salinity,Tiger Shrimp
26.6,7.25,30.77,30.42,High Salinity,Milkfish
27.76,7.34,3.5,27.8,Freshwater,Catfish
29.77,7.91,22.19,42.62,High Salinity,Milkfish
29.1,8.13,26.47,38.17,High Salinity,Tiger Shrimp
28.99,7.38,17.71,34.08,High Salinity,Tiger Shrimp
28.91,7.83,4.05,35.26,Freshwater,Catfish
28.74,7.69,15.31,32.23,High Salinity,Tiger Shrimp
28.19,7.51,2.07,16.42,Freshwater,Tilapia
26.03,7.18,2.44,24.19,Freshwater,Catfish
29.72,8.72,2.23,24.51,Freshwater,Tilapia
27.42,6.72,5.91,25.43,Brackish,Catfish
30.63,8.11,5.49,29.68,Brackish,Catfish
27.66,7.78,26.4,32.37,High Salinity,Tiger Shrimp
24.87,6.84,0.8,16.4,Freshwater,Tilapia
30.01,6.91,2.56,24.18,Freshwater,Tilapia
27.78,7.94,2.11,30.91,Freshwater,Catfish
31.39,7.97,17.29,53.75,High Salinity,Tiger Shrimp
30.11,8.48,18.16,31.45,High Salinity,Tiger Shrimp
28.63,8.22,18.98,18.86,High Salinity,Whiteleg Shrimp
30.85,8.32,22.43,23.36,High Salinity,Tiger Shrimp
29.64,8.18,27.27,36.1,High Salinity,Tiger Shrimp
29.73,7.96,15.69,29.79,High Salinity,Tiger Shrimp
28.15,8.41,2.92,14.38,Freshwater,Tilapia
30.74,6.87,29.46,32.77,High Salinity,Milkfish
28.03,7.45,22.52,49.77,High Salinity,Tiger Shrimp
28.81,8.26,25.61,33.79,High Salinity,Whiteleg Shrimp
30.41,7.9,24.03,29.0,High Salinity,Whiteleg Shrimp
25.25,7.72,1.72,11.02,Freshwater,Tilapia
25.35,8.2,3.23,25.46,Freshwater,Tilapia
28.95,6.72,0.99,19.44,Freshwater,Tilapia
29.59,7.69,19.97,50.75,High Salinity,Tiger Shrimp
25.24,8.36,3.43,29.24,Freshwater,Tilapia
29.2,7.25,17.57,30.91,High Salinity,Milkfish
30.71,8.11,11.69,33.95,Brackish,Milkfish
28.74,8.26,20.63,42.09,High Salinity,Tiger Shrimp
30.4,8.28,22.7,36.97,High Salinity,Milkfish
29.34,8.21,0.0,12.92,Freshwater,Tilapia
29.48,7.72,16.36,29.39,High Salinity,Whiteleg Shrimp
28.29,7.73,15.19,21.13,High Salinity,Milkfish
31.14,7.15,6.94,20.76,Brackish,Catfish
27.83,6.84,1.73,23.18,Freshwater,Tilapia
25.81,7.78,32.78,23.53,High Salinity,Milkfish
26.94,7.85,4.38,17.77,Freshwater,Catfish
28.87,8.23,27.4,28.02,High Salinity,Milkfish
29.72,7.44,29.68,36.18,High Salinity,Milkfish
25.04,8.36,4.27,29.35,Freshwater,Tilapia
31.38,7.11,4.94,29.34,Freshwater,Catfish
32.44,7.75,7.23,25.61,Brackish,Catfish
29.04,8.2,21.32,32.04,High Salinity,Tiger Shrimp
24.66,6.51,5.23,19.18,Brackish,Tilapia
29.53,7.37,5.57,40.87,Brackish,Catfish
30.17,6.78,7.37,26.62,Brackish,Catfish
25.67,8.65,4.1,24.97,Freshwater,Tilapia
24.39,7.16,0.44,18.55,Freshwater,Tilapia
31.72,7.57,24.77,43.74,High Salinity,Milkfish
29.88,7.54,20.4,43.39,High Salinity,Whiteleg Shrimp
30.05,7.61,1.22,24.5,Freshwater,Catfish
26.98,7.67,5.29,17.5,Brackish,Catfish
27.51,6.89,1.76,35.13,Freshwater,Catfish
28.65,7.61,27.99,20.22,High Salinity,Milkfish
30.1,7.0,7.99,16.8,Brackish,Catfish
31.46,8.07,23.2,25.55,High Salinity,Whiteleg Shrimp
29.68,7.86,15.56,22.92,High Salinity,Tiger Shrimp
28.57,8.47,24.56,42.7,High Salinity,Milkfish
26.8,7.52,17.44,30.59,High Salinity,Milkfish
26.67,7.01,1.6,12.96,Freshwater,Tilapia
29.89,8.1,22.31,39.43,High Salinity,Whiteleg Shrimp
28.73,7.92,20.4,34.35,High Salinity,Tiger Shrimp
30.21,7.7,24.84,57.76,High Salinity,Tiger Shrimp
26.88,7.66,25.47,36.5,High Salinity,Tiger Shrimp
29.22,7.93,18.74,49.67,High Salinity,Whiteleg Shrimp
31.88,8.4,26.65,44.5,High Salinity,Whiteleg Shrimp
23.18,7.41,4.7,10.37,Freshwater,Tilapia
29.29,8.18,14.1,56.1,Brackish,Tiger Shrimp
28.75,8.18,1.89,27.66,Freshwater,Catfish
28.38,7.1,25.32,32.14,High Salinity,Milkfish
24.97,8.12,3.31,33.48,Freshwater,Catfish
30.42,8.01,21.68,46.69,High Salinity,Whiteleg Shrimp
32.1,7.64,18.5,33.92,High Salinity,Milkfish
28.74,7.95,23.04,26.84,High Salinity,Whiteleg Shrimp
31.43,6.52,5.68,34.65,Brackish,Catfish
29.53,7.77,24.05,19.83,High Salinity,Milkfish
30.97,7.57,16.25,31.02,High Salinity,Whiteleg Shrimp
30.06,7.62,24.41,24.96,High Salinity,Tiger Shrimp
30.13,7.9,3.0,19.59,Freshwater,Catfish
30.12,7.47,23.78,35.78,High Salinity,Tiger Shrimp
29.4,8.02,1.69,16.13,Freshwater,Tilapia
29.85,7.42,0.2,31.71,Freshwater,Catfish
28.21,8.19,25.81,21.35,High Salinity,Whiteleg Shrimp
30.04,6.72,2.25,12.7,Freshwater,Tilapia
31.76,7.94,17.1,30.71,High Salinity,Whiteleg Shrimp
27.46,8.19,21.46,44.56,High Salinity,Tiger Shrimp
25.92,6.61,5.83,27.56,Brackish,Catfish
27.56,8.11,20.65,29.83,High Salinity,Whiteleg Shrimp
27.83,8.3,15.09,37.88,High Salinity,Milkfish
31.44,8.48,24.44,41.16,High Salinity,Whiteleg Shrimp
29.85,7.54,20.83,34.55,High Salinity,Milkfish
27.51,7.23,6.43,36.68,Brackish,Catfish
24.09,8.42,2.48,17.31,Freshwater,Tilapia
30.47,7.6,24.33,30.91,High Salinity,Whiteleg Shrimp
28.7,8.37,18.18,25.91,High Salinity,Tiger Shrimp
28.25,7.69,19.6,32.36,High Salinity,Whiteleg Shrimp
30.2,7.44,19.1,32.13,High Salinity,Tiger Shrimp
29.57,7.88,14.85,24.67,Brackish,Whiteleg Shrimp
30.43,7.32,31.71,19.58,High Salinity,Milkfish
29.07,8.6,19.65,28.0,High Salinity,Tiger Shrimp
28.09,7.65,25.23,25.24,High Salinity,Tiger Shrimp
28.41,8.38,19.23,46.76,High Salinity,Tiger Shrimp
29.78,6.45,0.62,22.37,Freshwater,Tilapia
30.64,7.52,7.45,19.93,Brackish,Catfish
26.15,8.42,32.98,47.18,High Salinity,Milkfish
28.87,6.78,6.46,41.17,Brackish,Catfish
25.57,6.87,8.51,26.64,Brackish,Catfish
30.31,8.11,34.68,28.17,High Salinity,Milkfish
27.78,7.38,5.27,16.95,Brackish,Catfish
29.24,7.95,32.51,18.69,High Salinity,Milkfish
26.43,7.87,11.36,30.35,Brackish,Milkfish
27.6,7.38,23.44,33.87,High Salinity,Milkfish
29.89,8.17,23.74,33.51,High Salinity,Tiger Shrimp
25.72,6.52,4.31,28.25,Freshwater,Catfish
29.73,7.86,20.45,45.02,High Salinity,Tiger Shrimp
24.86,6.78,6.64,24.03,Brackish,Tilapia
28.61,8.36,22.18,48.56,High Salinity,Tiger Shrimp
29.47,8.35,28.59,47.76,High Salinity,Tiger Shrimp
31.42,6.52,4.26,20.77,Freshwater,Catfish
27.62,7.76,1.5,39.86,Freshwater,Catfish
28.61,8.65,25.82,26.62,High Salinity,Whiteleg Shrimp
29.36,7.88,29.28,36.74,High Salinity,Tiger Shrimp
30.14,7.76,26.71,45.3,High Salinity,Tiger Shrimp
29.66,8.52,28.33,30.54,High Salinity,Tiger Shrimp
29.43,7.56,14.79,46.36,Brackish,Milkfish
31.05,7.41,19.65,48.46,High Salinity,Milkfish
29.18,8.56,19.64,43.95,High Salinity,Whiteleg Shrimp
27.45,6.78,4.78,9.48,Freshwater,Tilapia
31.97,7.76,17.2,24.13,High Salinity,Milkfish
26.7,6.95,7.07,23.6,Brackish,Catfish
30.93,7.31,0.0,23.0,Freshwater,Catfish
28.82,8.28,19.02,46.18,High Salinity,Whiteleg Shrimp
26.8,8.03,25.95,30.48,High Salinity,Tiger Shrimp
31.85,8.4,23.07,28.18,High Salinity,Whiteleg Shrimp
30.7,8.18,20.37,34.69,High Salinity,Whiteleg Shrimp
28.8,6.61,4.7,16.52,Freshwater,Catfish
25.99,7.6,0.0,25.6,Freshwater,Tilapia
27.17,8.16,0.0,18.39,Freshwater,Tilapia
30.28,7.14,1.97,26.2,Freshwater,Tilapia
25.99,6.68,6.83,27.14,Brackish,Catfish
32.11,7.54,16.27,22.92,High Salinity,Whiteleg Shrimp
26.17,8.01,2.28,25.4,Freshwater,Tilapia
30.9,7.57,21.38,31.33,High Salinity,Whiteleg Shrimp
30.92,7.5,13.47,38.19,Brackish,Milkfish
29.33,8.18,23.89,29.88,High Salinity,Whiteleg Shrimp
27.09,8.07,24.2,34.01,High Salinity,Tiger Shrimp
24.97,7.02,2.73,11.51,Freshwater,Tilapia
24.97,7.56,0.0,22.19,Freshwater,Tilapia
29.58,8.5,23.59,46.93,High Salinity,Tiger Shrimp
25.11,7.53,1.32,27.91,Freshwater,Tilapia
27.91,7.32,21.73,35.8,High Salinity,Whiteleg Shrimp
28.76,6.7,5.85,23.24,Brackish,Tilapia
28.82,7.6,23.34,51.06,High Salinity,Whiteleg Shrimp
30.08,8.17,4.0,22.2,Freshwater,Tilapia
26.21,8.21,13.56,36.42,Brackish,Milkfish
27.53,7.43,17.41,19.8,High Salinity,Whiteleg Shrimp
30.92,7.49,29.12,28.81,High Salinity,Milkfish
26.35,6.9,1.06,20.59,Freshwater,Tilapia
31.23,8.12,17.92,29.74,High Salinity,Whiteleg Shrimp
27.45,7.56,5.27,34.93,Brackish,Catfish
29.41,6.58,0.0,22.59,Freshwater,Catfish
30.31,7.35,0.34,18.22,Freshwater,Catfish
29.37,7.65,26.29,31.79,High Salinity,Tiger Shrimp
31.42,8.2,23.63,24.98,High Salinity,Whiteleg Shrimp
29.41,7.15,1.26,13.63,Freshwater,Catfish
32.85,7.41,2.79,27.69,Freshwater,Catfish
25.85,7.15,1.93,28.02,Freshwater,Tilapia
23.49,6.95,5.92,26.42,Brackish,Tilapia
29.66,8.51,22.48,35.11,High Salinity,Whiteleg Shrimp
30.54,8.25,23.07,42.15,High Salinity,Whiteleg Shrimp
29.39,7.93,23.03,40.94,High Salinity,Whiteleg Shrimp
24.5,7.34,1.97,20.17,Freshwater,Tilapia
29.62,8.13,22.08,41.66,High Salinity,Milkfish
30.1,6.7,5.11,26.84,Brackish,Catfish
28.45,8.6,22.07,37.82,High Salinity,Tiger Shrimp
27.51,7.9,19.38,25.12,High Salinity,Whiteleg Shrimp
28.52,6.98,1.09,37.71,Freshwater,Catfish
26.35,7.49,27.78,27.84,High Salinity,Milkfish
26.72,7.24,19.35,40.7,High Salinity,Milkfish
29.63,8.19,3.6,14.07,Freshwater,Tilapia
32.5,7.91,21.73,27.99,High Salinity,Whiteleg Shrimp
28.67,8.47,23.42,41.41,High Salinity,Tiger Shrimp
28.53,7.74,25.04,44.23,High Salinity,Tiger Shrimp
25.43,8.02,33.69,32.57,High Salinity,Milkfish
28.64,8.41,33.44,41.29,High Salinity,Milkfish
28.81,8.37,21.45,37.84,High Salinity,Whiteleg Shrimp
29.26,7.93,2.42,13.53,Freshwater,Catfish
29.49,8.65,27.08,50.39,High Salinity,Tiger Shrimp
27.97,8.13,16.2,27.36,High Salinity,Tiger Shrimp
28.61,7.77,25.97,27.16,High Salinity,Whiteleg Shrimp
29.03,7.74,35.73,22.88,High Salinity,Milkfish
29.34,7.75,23.21,53.39,High Salinity,Tiger Shrimp
29.85,7.62,27.56,31.92,High Salinity,Tiger Shrimp
28.5,7.13,0.12,22.99,Freshwater,Catfish
27.12,6.92,3.14,26.75,Freshwater,Tilapia
30.6,8.12,16.59,26.9,High Salinity,Whiteleg Shrimp
27.5,7.25,1.8,27.83,Freshwater,Tilapia
24.84,7.54,2.94,26.0,Freshwater,Tilapia
26.48,8.01,1.35,15.11,Freshwater,Tilapia
26.81,6.68,2.49,28.86,Freshwater,Tilapia
24.44,7.5,2.99,24.26,Freshwater,Tilapia
26.64,6.61,0.97,34.62,Freshwater,Catfish
29.1,6.81,5.88,19.41,Brackish,Catfish
31.1,7.94,35.75,18.98,High Salinity,Milkfish
30.25,7.78,20.38,31.49,High Salinity,Tiger Shrimp
24.98,7.11,3.5,26.74,Freshwater,Tilapia
26.05,7.25,16.6,34.27,High Salinity,Milkfish
27.71,7.26,2.09,39.49,Freshwater,Catfish
27.57,8.14,20.14,45.62,High Salinity,Whiteleg Shrimp
25.56,7.06,2.11,20.99,Freshwater,Tilapia
28.55,7.71,3.72,39.11,Freshwater,Catfish
29.66,8.14,5.41,32.75,Brackish,Tilapia
30.05,6.87,26.99,33.07,High Salinity,Milkfish
25.12,7.01,0.45,17.43,Freshwater,Tilapia
29.21,7.62,22.25,33.31,High Salinity,Milkfish
27.96,7.45,30.33,40.67,High Salinity,Milkfish
27.29,8.26,5.22,15.33,Brackish,Tilapia
29.42,8.37,15.78,37.75,High Salinity,Whiteleg Shrimp
30.38,7.77,15.49,41.2,High Salinity,Whiteleg Shrimp
26.53,7.6,1.28,27.83,Freshwater,Tilapia
29.81,7.37,5.3,20.07,Brackish,Catfish
28.5,6.79,4.78,16.01,Freshwater,Catfish
28.79,7.43,34.45,26.73,High Salinity,Milkfish
27.78,7.85,16.18,47.66,High Salinity,Tiger Shrimp
26.91,7.22,29.3,23.21,High Salinity,Milkfish
24.71,7.7,1.19,16.76,Freshwater,Tilapia
26.5,7.2,16.09,30.73,High Salinity,Milkfish
25.73,7.27,3.96,32.18,Freshwater,Catfish
25.94,7.41,3.92,23.65,Freshwater,Tilapia
26.92,8.37,20.49,43.45,High Salinity,Milkfish
25.33,7.45,2.07,31.72,Freshwater,Catfish
26.66,6.32,3.51,14.22,Freshwater,Tilapia
29.91,7.88,24.12,38.14,High Salinity,Tiger Shrimp
26.77,7.52,2.02,19.38,Freshwater,Catfish
27.0,8.42,25.89,38.12,High Salinity,Tiger Shrimp
25.94,7.21,3.73,10.14,Freshwater,Tilapia
26.16,7.77,0.0,36.96,Freshwater,Catfish
29.88,7.81,16.99,41.28,High Salinity,Whiteleg Shrimp
29.1,8.61,3.64,28.39,Freshwater,Tilapia
26.99,8.43,10.88,28.48,Brackish,Milkfish
25.9,7.93,2.84,22.93,Freshwater,Catfish
30.37,8.37,22.97,16.99,High Salinity,Whiteleg Shrimp
29.45,8.6,19.52,34.45,High Salinity,Tiger Shrimp
29.75,7.36,21.22,25.61,High Salinity,Whiteleg Shrimp
32.78,7.39,17.18,52.07,High Salinity,Whiteleg Shrimp
27.38,7.35,24.87,35.91,High Salinity,Whiteleg Shrimp
29.94,8.4,23.53,57.57,High Salinity,Tiger Shrimp
28.47,7.71,17.29,41.7,High Salinity,Whiteleg Shrimp
24.01,6.7,4.65,28.83,Freshwater,Tilapia
29.3,8.32,19.15,33.56,High Salinity,Whiteleg Shrimp
29.99,8.33,28.35,42.81,High Salinity,Tiger Shrimp
26.75,7.87,25.27,36.62,High Salinity,Milkfish
30.09,7.6,4.0,25.37,Freshwater,Catfish
28.62,8.29,16.24,26.41,High Salinity,Whiteleg Shrimp
27.52,7.27,9.15,34.54,Brackish,Catfish
28.33,7.73,25.65,26.6,High Salinity,Milkfish
28.88,7.79,20.76,33.41,High Salinity,Whiteleg Shrimp
30.38,7.78,18.87,47.06,High Salinity,Tiger Shrimp
29.56,7.95,26.91,44.3,High Salinity,Tiger Shrimp
29.6,8.18,21.51,41.05,High Salinity,Tiger Shrimp
25.23,6.22,4.54,34.51,Freshwater,Catfish
28.17,7.92,20.15,42.75,High Salinity,Tiger Shrimp
26.3,7.16,1.85,12.28,Freshwater,Tilapia
31.48,7.96,8.51,31.8,Brackish,Catfish
31.65,7.21,28.41,40.77,High Salinity,Milkfish
30.53,7.59,13.32,44.01,Brackish,Milkfish
27.73,8.14,21.96,46.95,High Salinity,Milkfish
29.5,8.58,17.25,33.13,High Salinity,Tiger Shrimp
26.49,8.43,11.58,36.23,Brackish,Milkfish
31.61,7.56,20.06,18.76,High Salinity,Whiteleg Shrimp
28.9,7.87,14.46,37.64,Brackish,Milkfish
29.6,6.55,1.7,12.24,Freshwater,Catfish
27.93,7.75,16.16,38.75,High Salinity,Tiger Shrimp
27.2,6.78,1.15,36.8,Freshwater,Catfish
25.96,7.44,16.12,36.91,High Salinity,Milkfish
29.14,7.84,16.11,32.0,High Salinity,Whiteleg Shrimp
23.6,6.6,0.0,21.6,Freshwater,Tilapia
30.95,8.1,1.21,18.41,Freshwater,Catfish
28.04,7.67,29.62,33.19,High Salinity,Milkfish
29.44,7.51,5.25,28.65,Brackish,Catfish
26.41,7.18,5.02,13.41,Brackish,Tilapia
29.94,8.37,1.87,15.59,Freshwater,Tilapia
26.82,7.65,5.04,25.49,Brackish,Tilapia
27.6,7.79,24.19,41.91,High Salinity,Tiger Shrimp
26.66,7.31,23.84,37.8,High Salinity,Milkfish
28.97,8.36,29.82,42.68,High Salinity,Milkfish
28.72,7.53,27.29,41.65,High Salinity,Tiger Shrimp
27.61,6.93,4.09,21.23,Freshwater,Tilapia
31.22,7.42,20.2,36.79,High Salinity,Whiteleg Shrimp
28.24,7.46,0.0,20.45,Freshwater,Tilapia
32.04,7.39,18.2,33.41,High Salinity,Milkfish
27.2,8.09,18.21,42.32,High Salinity,Tiger Shrimp
27.42,7.38,23.31,19.45,High Salinity,Milkfish
30.75,7.84,24.06,21.44,High Salinity,Whiteleg Shrimp
27.0,7.38,2.31,21.08,Freshwater,Tilapia
30.07,7.81,26.12,22.32,High Salinity,Whiteleg Shrimp
23.88,8.32,3.07,21.07,Freshwater,Tilapia
29.9,7.85,0.0,32.24,Freshwater,Tilapia
27.99,7.96,20.6,44.42,High Salinity,Tiger Shrimp
29.85,7.87,22.92,47.34,High Salinity,Whiteleg Shrimp
26.7,7.63,3.04,22.71,Freshwater,Catfish
28.29,8.5,15.26,46.54,High Salinity,Tiger Shrimp
25.83,7.23,3.24,17.2,Freshwater,Tilapia
30.78,8.72,19.02,46.46,High Salinity,Whiteleg Shrimp
27.77,7.24,14.35,50.38,Brackish,Tiger Shrimp
29.01,7.32,6.63,18.1,Brackish,Catfish
29.27,7.75,4.62,23.35,Freshwater,Tilapia
25.46,6.56,5.61,13.03,Brackish,Tilapia
26.19,7.71,3.79,16.84,Freshwater,Tilapia
28.47,7.92,18.51,42.71,High Salinity,Whiteleg Shrimp
31.33,8.1,3.54,18.29,Freshwater,Catfish
30.9,7.6,23.99,26.79,High Salinity,Whiteleg Shrimp
31.56,8.19,24.04,49.16,High Salinity,Whiteleg Shrimp
28.4,8.17,27.65,31.6,High Salinity,Milkfish
25.74,7.59,5.95,19.07,Brackish,Tilapia
27.5,8.26,3.16,25.84,Freshwater,Tilapia
25.51,8.45,4.18,22.5,Freshwater,Tilapia
29.03,8.53,23.23,49.52,High Salinity,Whiteleg Shrimp
30.48,7.63,4.69,23.31,Freshwater,Catfish
30.39,7.95,16.88,34.63,High Salinity,Tiger Shrimp
31.48,7.73,4.77,28.5,Freshwater,Catfish
26.98,7.15,12.28,36.58,Brackish,Milkfish
30.71,6.94,0.0,25.45,Freshwater,Catfish
29.12,8.19,31.91,39.21,High Salinity,Milkfish
30.63,8.58,22.8,25.01,High Salinity,Whiteleg Shrimp
31.4,8.08,17.86,41.46,High Salinity,Whiteleg Shrimp
28.26,8.29,24.05,29.03,High Salinity,Tiger Shrimp
28.99,7.87,22.65,33.54,High Salinity,Tiger Shrimp
27.18,7.97,21.83,32.14,High Salinity,Milkfish
29.53,6.54,3.05,26.5,Freshwater,Tilapia
29.15,7.08,16.55,26.62,High Salinity,Milkfish
26.38,7.63,18.07,42.77,High Salinity,Milkfish
29.56,7.53,23.23,18.7,High Salinity,Milkfish
30.57,6.57,3.53,19.35,Freshwater,Catfish
28.37,8.35,20.69,34.33,High Salinity,Whiteleg Shrimp
26.16,7.77,0.84,23.92,Freshwater,Tilapia
28.57,7.95,23.83,48.57,High Salinity,Whiteleg Shrimp
25.61,7.61,15.19,30.73,High Salinity,Milkfish
25.04,6.27,0.0,16.64,Freshwater,Tilapia
28.8,7.33,27.41,46.61,High Salinity,Tiger Shrimp
29.18,7.5,6.49,24.16,Brackish,Tilapia
26.79,6.63,1.75,32.04,Freshwater,Catfish
25.63,8.53,2.25,28.66,Freshwater,Tilapia
27.01,7.96,24.85,42.7,High Salinity,Milkfish
30.42,8.17,21.31,30.71,High Salinity,Tiger Shrimp
30.16,7.22,2.35,20.35,Freshwater,Tilapia
28.38,7.0,2.32,25.62,Freshwater,Catfish
27.53,7.84,12.43,29.12,Brackish,Milkfish
26.2,8.47,13.53,24.28,Brackish,Milkfish
27.61,6.58,3.37,27.63,Freshwater,Tilapia
30.49,7.72,16.25,25.43,High Salinity,Tiger Shrimp
27.08,8.55,19.93,33.26,High Salinity,Whiteleg Shrimp
26.37,7.28,1.38,29.68,Freshwater,Catfish
28.31,8.68,32.66,29.57,High Salinity,Milkfish
30.67,7.74,21.35,28.77,High Salinity,Tiger Shrimp
30.56,7.22,23.62,30.84,High Salinity,Milkfish
29.81,7.44,29.61,30.15,High Salinity,Milkfish
31.25,7.63,25.77,36.09,High Salinity,Whiteleg Shrimp
24.91,6.89,2.23,21.8,Freshwater,Tilapia
28.86,7.75,21.16,44.23,High Salinity,Tiger Shrimp
30.74,6.84,0.16,22.14,Freshwater,Tilapia
28.36,8.16,17.85,26.59,High Salinity,Whiteleg Shrimp
28.95,8.3,15.99,23.78,High Salinity,Whiteleg Shrimp
29.86,8.42,0.72,19.96,Freshwater,Tilapia
29.56,7.66,1.08,22.59,Freshwater,Catfish
26.21,7.86,19.07,32.75,High Salinity,Tiger Shrimp
28.01,7.64,14.04,34.28,Brackish,Tiger Shrimp
27.26,8.32,20.8,35.05,High Salinity,Tiger Shrimp
27.33,7.23,8.84,31.75,Brackish,Catfish
29.3,7.88,25.29,37.95,High Salinity,Whiteleg Shrimp
29.75,7.73,5.4,30.05,Brackish,Catfish
31.07,8.24,23.84,21.27,High Salinity,Milkfish
29.23,6.49,0.91,27.89,Freshwater,Catfish
31.28,8.06,16.37,36.2,High Salinity,Tiger Shrimp
27.15,7.47,22.61,30.55,High Salinity,Tiger Shrimp
30.27,8.57,31.9,28.96,High Salinity,Milkfish
28.9,7.45,22.08,50.16,High Salinity,Tiger Shrimp
29.54,7.54,0.0,20.43,Freshwater,Tilapia
28.37,7.22,9.73,28.68,Brackish,Milkfish
28.1,8.2,5.19,28.74,Brackish,Tilapia
30.33,8.05,18.26,23.83,High Salinity,Whiteleg Shrimp
30.6,8.07,3.13,17.55,Freshwater,Tilapia
27.67,6.88,3.79,21.4,Freshwater,Catfish
32.29,8.05,22.48,45.68,High Salinity,Whiteleg Shrimp
30.08,7.75,24.85,43.02,High Salinity,Tiger Shrimp
27.62,6.28,1.92,37.44,Freshwater,Catfish
27.22,7.35,21.81,29.01,High Salinity,Milkfish
27.31,7.53,20.41,24.03,High Salinity,Tiger Shrimp
25.98,7.85,1.81,16.71,Freshwater,Tilapia
29.06,8.16,26.41,32.52,High Salinity,Milkfish
28.43,8.09,21.62,38.14,High Salinity,Tiger Shrimp
27.86,6.92,17.49,30.21,High Salinity,Milkfish
25.81,6.52,3.95,13.19,Freshwater,Tilapia
24.5,7.64,2.06,7.35,Freshwater,Tilapia
25.95,7.11,0.45,31.56,Freshwater,Catfish
28.18,7.94,22.46,40.13,High Salinity,Milkfish
31.48,7.95,25.01,42.05,High Salinity,Whiteleg Shrimp
26.87,7.78,13.9,27.97,Brackish,Milkfish
28.26,7.42,31.69,38.08,High Salinity,Milkfish
29.75,8.55,19.74,22.62,High Salinity,Milkfish
23.59,7.0,4.3,15.79,Freshwater,Tilapia
30.17,7.85,5.76,25.64,Brackish,Catfish
31.29,6.87,0.4,23.47,Freshwater,Catfish
30.3,7.98,15.3,30.14,High Salinity,Whiteleg Shrimp
27.26,8.15,14.48,42.32,Brackish,Milkfish
27.52,8.45,25.73,27.02,High Salinity,Milkfish
25.9,8.23,29.91,45.34,High Salinity,Milkfish
28.07,8.06,24.01,45.67,High Salinity,Tiger Shrimp
30.05,8.18,15.86,46.49,High Salinity,Whiteleg Shrimp
25.46,6.48,2.02,29.05,Freshwater,Tilapia
31.15,7.24,0.06,28.09,Freshwater,Catfish
30.4,8.09,19.96,48.06,High Salinity,Whiteleg Shrimp
26.3,7.32,0.94,27.24,Freshwater,Catfish
29.37,6.7,8.9,18.0,Brackish,Catfish
31.25,7.63,14.92,40.0,Brackish,Tiger Shrimp
28.78,8.49,19.07,37.92,High Salinity,Whiteleg Shrimp
26.62,7.66,6.1,29.91,Brackish,Catfish
30.11,7.64,26.16,33.16,High Salinity,Whiteleg Shrimp
26.1,7.58,3.25,15.14,Freshwater,Tilapia
26.35,7.07,2.24,13.03,Freshwater,Tilapia
30.07,7.98,14.36,36.65,Brackish,Milkfish
28.36,7.65,17.27,41.78,High Salinity,Whiteleg Shrimp
27.31,7.92,20.68,48.31,High Salinity,Whiteleg Shrimp
28.63,7.79,16.22,40.53,High Salinity,Whiteleg Shrimp
29.69,8.24,0.6,29.21,Freshwater,Tilapia
25.48,8.12,6.1,32.05,Brackish,Catfish
31.07,7.31,12.99,35.63,Brackish,Milkfish
29.24,7.37,20.02,25.94,High Salinity,Tiger Shrimp
30.52,7.3,15.68,20.12,High Salinity,Milkfish
27.8,7.92,29.31,46.61,High Salinity,Milkfish
28.41,7.59,22.41,43.78,High Salinity,Milkfish
28.47,8.16,15.65,25.78,High Salinity,Whiteleg Shrimp
31.28,7.88,18.98,28.76,High Salinity,Whiteleg Shrimp
29.28,7.96,28.44,42.87,High Salinity,Tiger Shrimp
27.99,7.54,20.74,42.78,High Salinity,Tiger Shrimp
23.72,7.32,0.0,21.69,Freshwater,Tilapia
23.4,8.2,1.05,17.91,Freshwater,Tilapia
30.46,7.46,35.51,24.02,High Salinity,Milkfish
29.93,7.52,19.64,40.77,High Salinity,Milkfish
24.18,7.42,3.19,25.12,Freshwater,Tilapia
26.52,8.01,4.83,14.6,Freshwater,Catfish
28.88,7.3,4.25,34.61,Freshwater,Catfish
26.98,7.7,4.15,33.93,Freshwater,Catfish
30.78,7.44,5.36,28.71,Brackish,Catfish
30.81,8.63,18.24,28.38,High Salinity,Whiteleg Shrimp
26.72,6.33,0.79,26.85,Freshwater,Tilapia
28.25,8.11,26.43,37.68,High Salinity,Tiger Shrimp
27.47,7.08,0.55,36.33,Freshwater,Catfish
26.47,7.0,3.81,21.08,Freshwater,Catfish
31.64,6.75,17.47,22.95,High Salinity,Milkfish
26.6,7.88,0.0,22.26,Freshwater,Tilapia
26.0,7.58,0.77,38.98,Freshwater,Catfish
31.1,7.57,28.29,37.54,High Salinity,Milkfish
28.28,7.23,4.83,17.72,Freshwater,Catfish
29.96,8.46,27.41,40.95,High Salinity,Tiger Shrimp
26.03,7.41,4.44,22.43,Freshwater,Tilapia
25.37,7.65,18.35,31.04,High Salinity,Milkfish
26.44,7.71,0.0,16.52,Freshwater,Catfish
30.17,7.24,5.12,23.46,Brackish,Tilapia
29.06,8.11,15.28,29.71,High Salinity,Tiger Shrimp
25.9,7.44,6.39,38.63,Brackish,Catfish
28.16,8.45,26.87,34.53,High Salinity,Tiger Shrimp
26.89,7.88,22.23,32.74,High Salinity,Milkfish
31.34,7.38,0.44,11.19,Freshwater,Catfish
27.96,7.11,6.22,28.71,Brackish,Catfish
27.71,7.69,20.73,51.23,High Salinity,Tiger Shrimp
26.12,7.95,2.79,9.94,Freshwater,Tilapia
30.07,7.06,1.52,11.06,Freshwater,Tilapia
30.7,7.43,2.39,26.93,Freshwater,Catfish
31.38,7.52,18.59,23.46,High Salinity,Whiteleg Shrimp
29.49,7.83,17.99,25.31,High Salinity,Whiteleg Shrimp
27.78,8.16,16.05,53.15,High Salinity,Tiger Shrimp
32.07,7.23,0.24,41.11,Freshwater,Catfish
29.9,7.65,20.65,24.26,High Salinity,Whiteleg Shrimp
23.97,7.52,4.56,17.41,Freshwater,Tilapia
29.24,7.32,16.81,41.66,High Salinity,Milkfish
29.76,7.57,5.25,32.7,Brackish,Tilapia
29.33,7.19,8.06,18.72,Brackish,Catfish
27.11,7.69,26.17,31.01,High Salinity,Tiger Shrimp
26.99,7.74,20.03,36.31,High Salinity,Tiger Shrimp
29.24,7.92,4.44,20.53,Freshwater,Catfish
30.28,7.88,4.92,18.84,Freshwater,Catfish
31.56,7.44,25.76,28.0,High Salinity,Milkfish
31.43,7.26,8.32,21.94,Brackish,Catfish
27.29,7.5,2.51,27.66,Freshwater,Tilapia
28.85,7.87,30.75,39.54,High Salinity,Milkfish
30.03,7.14,4.11,35.84,Freshwater,Catfish
27.42,8.63,26.62,21.68,High Salinity,Tiger Shrimp
28.55,7.72,24.31,38.16,High Salinity,Tiger Shrimp
29.87,7.99,19.62,35.07,High Salinity,Whiteleg Shrimp
27.11,7.39,16.55,39.36,High Salinity,Whiteleg Shrimp
30.93,8.2,22.59,46.65,High Salinity,Whiteleg Shrimp
29.57,7.17,0.8,22.14,Freshwater,Catfish
27.49,8.46,15.28,37.81,High Salinity,Whiteleg Shrimp
28.41,8.54,15.23,50.24,High Salinity,Tiger Shrimp
30.33,6.77,1.48,25.5,Freshwater,Catfish
31.41,7.64,25.67,53.22,High Salinity,Tiger Shrimp
25.27,7.77,2.98,30.24,Freshwater,Tilapia
26.82,7.24,2.88,14.2,Freshwater,Tilapia
29.39,8.23,30.46,55.04,High Salinity,Tiger Shrimp
29.31,8.32,21.42,44.45,High Salinity,Milkfish
29.28,8.55,29.46,38.48,High Salinity,Tiger Shrimp
31.98,7.26,4.67,23.0,Freshwater,Catfish
26.51,8.09,5.54,24.02,Brackish,Tilapia
27.51,7.85,29.67,36.58,High Salinity,Tiger Shrimp
27.05,7.52,27.67,32.64,High Salinity,Tiger Shrimp
29.39,8.66,16.37,51.23,High Salinity,Whiteleg Shrimp
27.43,7.58,14.0,54.68,Brackish,Tiger Shrimp
25.11,7.05,4.41,35.8,Freshwater,Catfish
27.57,8.06,15.84,22.78,High Salinity,Tiger Shrimp
26.1,7.86,0.0,24.36,Freshwater,Tilapia
31.56,7.79,23.6,37.98,High Salinity,Whiteleg Shrimp
31.38,7.26,16.65,47.83,High Salinity,Milkfish
24.86,8.24,6.07,21.67,Brackish,Tilapia
29.6,7.19,1.04,15.84,Freshwater,Tilapia
26.59,7.64,26.45,43.86,High Salinity,Tiger Shrimp
29.34,8.17,21.43,31.5,High Salinity,Whiteleg Shrimp
26.6,7.12,1.02,36.28,Freshwater,Catfish
24.35,7.68,0.0,10.71,Freshwater,Tilapia
31.12,7.89,23.07,49.04,High Salinity,Whiteleg Shrimp
27.82,6.99,17.2,44.22,High Salinity,Milkfish
31.27,8.07,28.18,31.41,High Salinity,Tiger Shrimp
28.73,8.45,28.15,54.45,High Salinity,Tiger Shrimp
28.46,7.65,18.13,48.37,High Salinity,Tiger Shrimp
29.15,7.87,4.55,37.22,Freshwater,Catfish
25.09,8.31,1.92,17.4,Freshwater,Tilapia
27.27,7.75,24.65,47.43,High Salinity,Tiger Shrimp
28.38,7.57,34.07,27.19,High Salinity,Milkfish
28.08,7.33,4.77,15.01,Freshwater,Tilapia
30.02,7.94,16.06,53.74,High Salinity,Tiger Shrimp
29.7,7.24,25.81,26.65,High Salinity,Milkfish
28.51,8.35,16.79,46.98,High Salinity,Whiteleg Shrimp
30.62,6.67,4.8,37.65,Freshwater,Catfish
27.24,7.36,18.16,33.99,High Salinity,Milkfish
24.83,7.4,5.52,16.82,Brackish,Catfish
29.96,8.05,22.32,32.32,High Salinity,Tiger Shrimp
28.16,8.34,20.29,39.62,High Salinity,Tiger Shrimp
29.18,8.04,3.22,21.05,Freshwater,Catfish
31.78,7.35,19.33,37.95,High Salinity,Whiteleg Shrimp
28.25,8.18,20.39,38.67,High Salinity,Tiger Shrimp
30.86,7.58,1.05,37.75,Freshwater,Catfish
28.81,6.82,24.69,26.82,High Salinity,Milkfish
28.05,8.16,15.64,33.08,High Salinity,Tiger Shrimp
28.34,7.12,18.59,26.78,High Salinity,Milkfish
26.86,8.22,20.55,32.21,High Salinity,Tiger Shrimp
25.93,7.76,6.68,28.61,Brackish,Catfish
25.05,7.63,2.13,11.42,Freshwater,Tilapia
26.73,7.31,0.0,28.49,Freshwater,Tilapia
27.61,8.04,23.12,57.45,High Salinity,Tiger Shrimp
26.64,7.26,3.01,15.03,Freshwater,Tilapia
23.44,7.15,1.57,22.32,Freshwater,Tilapia
26.06,7.08,4.19,25.06,Freshwater,Catfish
31.51,7.91,21.07,36.99,High Salinity,Whiteleg Shrimp
30.69,7.95,16.86,48.65,High Salinity,Tiger Shrimp
27.84,7.55,29.04,26.98,High Salinity,Milkfish
31.13,7.62,26.76,35.28,High Salinity,Whiteleg Shrimp
26.44,6.82,6.22,30.07,Brackish,Catfish
29.67,7.86,18.07,44.72,High Salinity,Tiger Shrimp
31.13,7.71,5.56,17.84,Brackish,Catfish
30.64,7.02,11.27,23.47,Brackish,Milkfish
28.73,7.88,17.32,30.21,High Salinity,Tiger Shrimp
26.89,7.83,1.78,7.74,Freshwater,Tilapia
31.64,7.98,15.61,37.04,High Salinity,Milkfish
27.69,8.03,24.2,25.04,High Salinity,Milkfish
28.25,6.58,4.33,20.46,Freshwater,Catfish
30.52,7.33,2.25,29.67,Freshwater,Catfish
29.55,8.1,18.84,25.45,High Salinity,Whiteleg Shrimp
26.57,7.7,5.55,30.54,Brackish,Catfish
31.8,7.38,1.72,31.05,Freshwater,Catfish
29.73,7.45,26.19,39.6,High Salinity,Tiger Shrimp
30.32,8.12,26.8,47.93,High Salinity,Tiger Shrimp
31.06,8.17,21.97,44.5,High Salinity,Whiteleg Shrimp
30.45,7.33,25.15,43.8,High Salinity,Whiteleg Shrimp
29.33,8.46,15.8,20.86,High Salinity,Whiteleg Shrimp
26.71,7.71,16.59,21.99,High Salinity,Milkfish
27.81,7.74,18.35,23.64,High Salinity,Milkfish
30.88,7.91,19.38,34.02,High Salinity,Milkfish
28.17,6.97,2.42,12.25,Freshwater,Tilapia
26.44,7.76,0.0,25.36,Freshwater,Tilapia
29.66,6.52,7.07,23.2,Brackish,Catfish
29.56,8.07,24.12,56.43,High Salinity,Tiger Shrimp
28.12,8.52,18.71,52.57,High Salinity,Whiteleg Shrimp
32.53,7.24,29.27,45.89,High Salinity,Milkfish
29.23,8.52,28.31,42.42,High Salinity,Milkfish
31.93,7.93,22.91,45.58,High Salinity,Whiteleg Shrimp
31.12,8.05,19.41,20.7,High Salinity,Milkfish
26.54,8.39,5.34,24.28,Brackish,Tilapia
28.3,7.92,33.06,15.58,High Salinity,Milkfish
29.15,7.33,12.62,33.21,Brackish,Milkfish
28.28,7.47,21.29,49.85,High Salinity,Tiger Shrimp
30.55,6.69,4.92,30.6,Freshwater,Catfish
26.34,7.33,17.76,21.74,High Salinity,Milkfish
30.44,8.07,14.23,34.58,Brackish,Whiteleg Shrimp
30.16,7.41,25.74,29.06,High Salinity,Tiger Shrimp
29.61,7.97,32.04,30.27,High Salinity,Milkfish
30.92,7.88,0.0,23.46,Freshwater,Catfish
28.35,8.03,26.57,26.98,High Salinity,Tiger Shrimp
24.6,7.79,0.0,21.23,Freshwater,Tilapia
26.29,7.98,3.46,24.23,Freshwater,Tilapia
29.88,7.8,22.09,24.51,High Salinity,Milkfish
28.68,8.38,18.2,42.89,High Salinity,Whiteleg Shrimp
32.7,6.8,4.5,39.92,Freshwater,Catfish
26.5,6.79,5.59,13.4,Brackish,Tilapia
29.85,8.21,23.55,48.63,High Salinity,Whiteleg Shrimp
29.83,8.22,22.48,31.79,High Salinity,Tiger Shrimp
29.56,6.41,4.3,9.34,Freshwater,Tilapia
26.34,8.07,30.29,39.49,High Salinity,Tiger Shrimp
28.0,7.49,32.93,37.63,High Salinity,Milkfish
29.44,7.99,19.07,25.27,High Salinity,Whiteleg Shrimp
28.78,8.0,0.08,15.0,Freshwater,Tilapia
24.53,7.1,0.0,13.23,Freshwater,Tilapia
28.29,7.39,31.3,26.39,High Salinity,Milkfish
30.95,7.85,22.01,30.51,High Salinity,Whiteleg Shrimp
24.64,7.16,3.59,14.27,Freshwater,Tilapia
27.37,8.5,23.9,28.9,High Salinity,Tiger Shrimp
29.95,7.08,0.0,22.99,Freshwater,Tilapia
30.96,8.13,18.57,48.93,High Salinity,Tiger Shrimp
27.43,8.23,29.72,45.95,High Salinity,Milkfish
29.61,7.39,21.11,30.43,High Salinity,Milkfish
26.03,7.58,23.83,40.22,High Salinity,Milkfish
29.32,7.59,5.39,29.22,Brackish,Tilapia
31.81,6.96,26.72,38.76,High Salinity,Milkfish
28.31,7.87,16.98,19.22,High Salinity,Milkfish
28.63,8.31,19.14,26.67,High Salinity,Milkfish
30.25,8.28,20.96,41.53,High Salinity,Tiger Shrimp
27.26,8.47,35.35,31.67,High Salinity,Milkfish
27.68,8.54,25.62,35.34,High Salinity,Tiger Shrimp
31.41,8.29,23.33,50.09,High Salinity,Tiger Shrimp
29.0,6.86,4.45,42.16,Freshwater,Catfish
29.34,7.42,17.94,50.8,High Salinity,Whiteleg Shrimp
27.15,7.44,4.23,14.82,Freshwater,Tilapia
31.13,8.47,20.47,31.91,High Salinity,Whiteleg Shrimp
26.01,7.57,1.95,24.03,Freshwater,Tilapia
27.96,6.91,4.54,32.33,Freshwater,Catfish
31.5,6.46,5.71,35.96,Brackish,Catfish
26.27,6.56,6.16,36.58,Brackish,Catfish
30.96,6.96,1.86,28.77,Freshwater,Catfish
31.8,8.36,16.97,18.19,High Salinity,Whiteleg Shrimp
29.42,8.5,33.82,34.19,High Salinity,Milkfish
31.06,7.37,25.58,43.74,High Salinity,Whiteleg Shrimp
25.8,8.04,4.92,25.32,Freshwater,Tilapia
29.95,8.2,32.65,41.46,High Salinity,Milkfish
25.84,7.54,8.61,23.03,Brackish,Catfish
30.64,7.49,1.47,23.93,Freshwater,Tilapia
26.98,7.65,0.02,24.39,Freshwater,Tilapia
31.66,8.34,14.88,49.73,Brackish,Whiteleg Shrimp
26.54,7.97,0.43,28.64,Freshwater,Tilapia
28.49,7.61,5.05,23.28,Brackish,Catfish
26.66,7.89,4.66,40.27,Freshwater,Catfish
30.37,7.71,19.14,41.38,High Salinity,Milkfish
29.21,7.47,15.19,33.74,High Salinity,Tiger Shrimp
30.06,7.41,3.73,22.56,Freshwater,Tilapia
28.08,6.72,1.49,11.22,Freshwater,Tilapia
25.21,7.55,3.47,10.42,Freshwater,Tilapia
31.07,7.56,26.18,20.89,High Salinity,Milkfish
29.69,8.08,26.51,32.08,High Salinity,Whiteleg Shrimp
31.17,8.47,24.93,35.92,High Salinity,Whiteleg Shrimp
28.43,6.8,0.0,28.46,Freshwater,Catfish
30.48,8.19,14.97,27.3,Brackish,Whiteleg Shrimp
31.66,7.94,0.14,25.3,Freshwater,Catfish
29.43,7.88,13.91,42.05,Brackish,Tiger Shrimp
29.08,7.12,8.1,35.83,Brackish,Catfish
29.61,7.5,2.97,21.5,Freshwater,Tilapia
31.85,7.85,22.45,39.27,High Salinity,Whiteleg Shrimp
30.83,8.55,18.2,27.29,High Salinity,Tiger Shrimp
27.69,8.02,18.93,35.64,High Salinity,Milkfish
31.01,8.02,17.52,30.76,High Salinity,Whiteleg Shrimp
30.92,8.28,28.19,39.1,High Salinity,Milkfish
28.75,8.14,2.88,25.01,Freshwater,Tilapia
28.03,7.57,12.99,18.75,Brackish,Milkfish
27.93,8.24,0.0,33.84,Freshwater,Tilapia
25.99,7.68,0.0,23.02,Freshwater,Tilapia
29.5,7.36,14.05,32.42,Brackish,Whiteleg Shrimp
29.61,7.7,20.59,28.8,High Salinity,Milkfish
26.91,7.57,5.18,28.76,Brackish,Catfish
27.93,7.82,15.87,52.37,High Salinity,Tiger Shrimp
30.51,8.56,31.2,43.7,High Salinity,Milkfish
31.93,8.02,23.37,38.61,High Salinity,Whiteleg Shrimp
29.81,8.24,14.48,24.24,Brackish,Whiteleg Shrimp
31.59,7.24,28.2,20.44,High Salinity,Milkfish
29.65,7.15,4.89,34.12,Freshwater,Catfish
29.34,7.64,18.47,42.89,High Salinity,Tiger Shrimp
28.69,8.17,23.25,27.74,High Salinity,Tiger Shrimp
29.86,7.99,11.72,38.5,Brackish,Milkfish
29.71,6.67,7.85,17.4,Brackish,Catfish
29.23,7.99,14.52,46.15,Brackish,Whiteleg Shrimp
26.57,8.14,28.66,38.15,High Salinity,Tiger Shrimp
26.88,7.91,2.93,28.17,Freshwater,Catfish
30.22,7.72,14.93,28.08,Brackish,Whiteleg Shrimp
26.3,7.64,32.23,35.26,High Salinity,Milkfish
28.4,8.63,18.05,20.01,High Salinity,Milkfish
29.88,7.32,29.36,20.23,High Salinity,Milkfish
28.8,7.31,25.81,28.85,High Salinity,Tiger Shrimp
30.65,7.39,17.97,46.99,High Salinity,Whiteleg Shrimp
30.81,8.02,24.71,31.61,High Salinity,Milkfish
28.24,8.22,17.09,45.7,High Salinity,Whiteleg Shrimp
29.88,7.7,22.89,32.38,High Salinity,Whiteleg Shrimp
28.03,7.45,29.32,29.45,High Salinity,Tiger Shrimp
26.39,8.11,18.53,43.74,High Salinity,Milkfish
28.65,8.2,14.6,30.59,Brackish,Milkfish
29.09,8.58,22.92,36.02,High Salinity,Whiteleg Shrimp
27.18,7.89,27.22,21.56,High Salinity,Milkfish
30.66,8.02,22.22,33.32,High Salinity,Whiteleg Shrimp
30.21,7.95,17.49,19.32,High Salinity,Whiteleg Shrimp
28.75,7.95,23.17,43.02,High Salinity,Whiteleg Shrimp
28.68,8.26,18.56,37.41,High Salinity,Tiger Shrimp
26.2,8.47,6.06,30.65,Brackish,Tilapia
29.0,7.02,0.0,33.18,Freshwater,Tilapia
27.55,7.98,0.0,23.1,Freshwater,Catfish
31.24,8.65,15.67,46.71,High Salinity,Whiteleg Shrimp
25.78,6.58,8.93,25.54,Brackish,Catfish
29.34,7.92,20.4,33.53,High Salinity,Tiger Shrimp
31.71,8.15,19.07,42.01,High Salinity,Whiteleg Shrimp
26.33,7.85,8.08,27.88,Brackish,Catfish
29.26,7.85,25.42,43.81,High Salinity,Tiger Shrimp
27.3,7.66,17.59,44.06,High Salinity,Whiteleg Shrimp
30.4,8.31,20.35,40.63,High Salinity,Tiger Shrimp
27.3,8.31,23.97,29.53,High Salinity,Whiteleg Shrimp
31.08,7.36,16.08,27.57,High Salinity,Milkfish
27.37,8.22,11.38,26.99,Brackish,Milkfish
29.72,8.18,25.53,36.59,High Salinity,Tiger Shrimp
30.75,7.71,30.13,30.53,High Salinity,Tiger Shrimp
29.23,7.49,19.58,35.13,High Salinity,Tiger Shrimp
25.64,7.12,4.88,7.75,Freshwater,Tilapia
26.9,7.26,11.23,40.82,Brackish,Milkfish
29.71,7.76,9.21,23.63,Brackish,Catfish
27.99,8.32,30.12,44.11,High Salinity,Tiger Shrimp
27.79,6.77,7.49,28.03,Brackish,Catfish
25.21,6.79,2.43,15.76,Freshwater,Tilapia
30.36,8.36,13.36,43.27,Brackish,Whiteleg Shrimp
28.89,7.29,16.1,29.04,High Salinity,Tiger Shrimp
31.0,7.26,2.64,29.94,Freshwater,Catfish
27.12,7.28,3.75,18.38,Freshwater,Tilapia
27.94,7.7,19.15,38.64,High Salinity,Tiger Shrimp
30.05,8.06,23.32,33.86,High Salinity,Whiteleg Shrimp
30.8,7.96,25.92,56.67,High Salinity,Tiger Shrimp
30.98,8.27,14.13,43.14,Brackish,Milkfish
29.14,8.63,21.81,44.17,High Salinity,Milkfish
31.47,7.38,22.64,53.19,High Salinity,Whiteleg Shrimp
28.93,7.84,21.74,16.85,High Salinity,Whiteleg Shrimp
28.31,7.6,27.27,31.27,High Salinity,Milkfish
25.29,7.09,2.99,18.56,Freshwater,Tilapia
32.02,7.89,1.54,27.37,Freshwater,Catfish
28.95,7.98,21.07,44.06,High Salinity,Whiteleg Shrimp
27.49,7.81,4.52,18.24,Freshwater,Tilapia
28.74,7.54,21.31,38.51,High Salinity,Tiger Shrimp
25.15,7.23,0.93,13.85,Freshwater,Tilapia
31.34,7.86,9.72,41.75,Brackish,Milkfish
24.45,8.58,3.85,24.94,Freshwater,Tilapia
29.41,7.82,27.07,48.9,High Salinity,Tiger Shrimp
28.14,7.73,24.88,39.5,High Salinity,Whiteleg Shrimp
28.38,7.72,23.47,28.19,High Salinity,Whiteleg Shrimp
28.84,7.6,19.39,28.9,High Salinity,Milkfish
26.69,7.51,1.12,25.07,Freshwater,Tilapia
27.59,8.22,29.61,28.1,High Salinity,Tiger Shrimp
30.15,7.83,21.41,26.02,High Salinity,Whiteleg Shrimp
30.0,8.25,20.23,23.02,High Salinity,Milkfish
29.85,7.32,2.5,26.84,Freshwater,Tilapia
29.79,7.89,16.84,41.48,High Salinity,Whiteleg Shrimp
25.69,8.08,2.73,16.41,Freshwater,Catfish
29.11,8.68,1.64,27.49,Freshwater,Tilapia
24.83,7.63,1.08,16.79,Freshwater,Tilapia
30.31,7.39,1.82,31.13,Freshwater,Catfish
28.66,7.98,33.91,27.4,High Salinity,Milkfish
27.64,7.04,26.86,34.52,High Salinity,Milkfish
25.58,7.54,0.1,16.26,Freshwater,Tilapia
28.29,7.35,5.37,26.91,Brackish,Tilapia
28.18,8.67,23.33,41.36,High Salinity,Milkfish
27.74,7.49,2.05,22.85,Freshwater,Tilapia
27.73,7.36,6.97,40.38,Brackish,Catfish
29.18,7.77,29.45,47.3,High Salinity,Tiger Shrimp
27.23,7.95,22.34,50.08,High Salinity,Tiger Shrimp
28.17,7.04,23.92,22.54,High Salinity,Milkfish
31.12,7.68,27.87,22.21,High Salinity,Milkfish
29.72,8.4,20.93,36.81,High Salinity,Tiger Shrimp
30.1,6.57,3.53,11.33,Freshwater,Tilapia
31.32,8.02,19.31,40.68,High Salinity,Whiteleg Shrimp
29.84,8.23,18.5,31.76,High Salinity,Whiteleg Shrimp
25.85,7.49,4.66,19.7,Freshwater,Catfish
28.07,8.3,16.71,29.84,High Salinity,Whiteleg Shrimp
29.15,6.58,2.72,18.22,Freshwater,Tilapia
29.12,8.01,7.53,27.4,Brackish,Catfish
31.23,7.72,19.44,18.41,High Salinity,Whiteleg Shrimp
26.76,6.56,6.68,30.84,Brackish,Catfish
27.89,6.96,1.59,23.06,Freshwater,Tilapia
23.7,7.96,2.16,13.67,Freshwater,Tilapia
29.01,8.42,19.7,33.95,High Salinity,Whiteleg Shrimp
28.96,6.74,3.22,29.13,Freshwater,Catfish
27.81,7.86,30.86,28.78,High Salinity,Milkfish
26.64,8.56,15.76,26.38,High Salinity,Tiger Shrimp
29.95,7.57,14.19,49.86,Brackish,Tiger Shrimp
29.69,7.88,22.2,21.9,High Salinity,Whiteleg Shrimp
25.54,8.53,2.01,19.0,Freshwater,Tilapia
31.03,7.08,33.95,26.07,High Salinity,Milkfish
30.47,7.99,21.6,46.44,High Salinity,Whiteleg Shrimp
31.06,7.95,27.29,18.82,High Salinity,Milkfish
28.96,8.02,23.69,25.66,High Salinity,Whiteleg Shrimp
26.28,7.6,4.31,27.23,Freshwater,Catfish
28.13,7.61,5.11,24.0,Brackish,Catfish
24.41,8.18,5.15,24.69,Brackish,Tilapia
29.86,7.72,9.66,37.74,Brackish,Milkfish
31.59,7.67,22.64,35.52,High Salinity,Whiteleg Shrimp
32.32,7.85,32.84,19.85,High Salinity,Milkfish
31.62,7.9,20.97,44.9,High Salinity,Whiteleg Shrimp
29.72,7.83,5.55,31.29,Brackish,Catfish
28.17,6.76,2.47,30.17,Freshwater,Tilapia
27.42,7.58,27.56,24.27,High Salinity,Tiger Shrimp
29.11,7.43,24.9,38.64,High Salinity,Tiger Shrimp
26.59,7.38,21.51,21.37,High Salinity,Milkfish
28.7,8.33,16.59,53.5,High Salinity,Tiger Shrimp
26.43,6.87,5.45,23.12,Brackish,Catfish
29.3,7.48,3.68,24.3,Freshwater,Tilapia
28.96,7.39,14.92,20.61,Brackish,Whiteleg Shrimp
28.4,7.78,0.29,20.96,Freshwater,Tilapia
28.33,8.27,24.67,33.77,High Salinity,Tiger Shrimp
28.28,8.31,4.81,29.84,Freshwater,Tilapia
31.57,8.18,17.13,32.66,High Salinity,Tiger Shrimp
29.5,7.08,5.31,25.49,Brackish,Catfish
28.68,8.54,20.15,37.38,High Salinity,Tiger Shrimp
32.16,6.76,4.02,24.86,Freshwater,Catfish
27.89,8.0,19.0,32.65,High Salinity,Tiger Shrimp
25.56,7.89,3.37,11.41,Freshwater,Tilapia
26.29,7.06,4.78,37.97,Freshwater,Catfish
28.35,6.44,4.22,26.8,Freshwater,Catfish
30.12,7.82,20.64,21.95,High Salinity,Whiteleg Shrimp
30.23,7.1,11.68,43.34,Brackish,Milkfish
28.61,6.73,3.84,28.1,Freshwater,Catfish
26.18,7.69,1.22,11.12,Freshwater,Tilapia
28.47,7.9,30.22,31.91,High Salinity,Milkfish
27.07,7.0,20.64,43.43,High Salinity,Milkfish
25.23,6.63,4.83,24.25,Freshwater,Tilapia
27.33,7.07,0.0,26.33,Freshwater,Catfish
30.36,7.97,24.04,35.31,High Salinity,Whiteleg Shrimp
29.64,7.48,17.66,35.6,High Salinity,Tiger Shrimp
31.27,8.2,19.65,24.19,High Salinity,Whiteleg Shrimp
27.26,8.3,3.45,16.04,Freshwater,Tilapia
29.3,6.95,6.62,32.84,Brackish,Catfish
30.42,7.94,23.74,37.76,High Salinity,Whiteleg Shrimp
30.39,8.31,26.98,37.67,High Salinity,Tiger Shrimp
29.8,7.37,1.22,23.87,Freshwater,Catfish
26.59,7.82,3.61,18.53,Freshwater,Tilapia
29.55,7.21,25.48,25.82,High Salinity,Milkfish
25.17,7.77,1.67,12.06,Freshwater,Tilapia
28.73,7.78,14.77,41.33,Brackish,Whiteleg Shrimp
28.84,7.67,26.59,55.05,High Salinity,Tiger Shrimp
29.15,8.26,18.91,46.99,High Salinity,Whiteleg Shrimp
28.22,7.53,10.24,39.82,Brackish,Milkfish
30.65,8.17,18.02,36.49,High Salinity,Whiteleg Shrimp
30.64,7.9,16.83,24.31,High Salinity,Milkfish
27.92,7.56,15.44,31.44,High Salinity,Milkfish
27.14,8.29,27.33,27.25,High Salinity,Tiger Shrimp
25.15,8.08,4.6,13.08,Freshwater,Catfish
31.09,7.56,21.0,18.12,High Salinity,Whiteleg Shrimp
25.99,7.37,6.15,34.79,Brackish,Catfish
30.88,7.97,24.99,40.2,High Salinity,Whiteleg Shrimp
29.35,8.37,3.44,24.06,Freshwater,Tilapia
25.44,8.02,0.9,14.2,Freshwater,Tilapia
26.59,8.65,3.56,23.0,Freshwater,Tilapia
31.13,7.99,6.98,25.68,Brackish,Catfish
26.42,6.44,6.22,28.57,Brackish,Catfish
25.1,7.23,2.94,30.8,Freshwater,Catfish
26.4,6.62,2.78,30.58,Freshwater,Tilapia
24.76,8.12,3.31,21.54,Freshwater,Tilapia
26.91,7.17,0.01,24.86,Freshwater,Catfish
28.36,7.12,2.11,19.94,Freshwater,Catfish
31.13,8.54,22.17,32.57,High Salinity,Whiteleg Shrimp
31.2,7.81,33.85,37.03,High Salinity,Milkfish
27.75,8.29,22.8,35.87,High Salinity,Tiger Shrimp
26.2,7.31,0.84,18.02,Freshwater,Tilapia
27.27,8.36,27.57,30.65,High Salinity,Milkfish
26.87,7.85,5.51,16.79,Brackish,Catfish
31.46,8.17,15.74,39.88,High Salinity,Whiteleg Shrimp
27.67,7.95,28.29,32.27,High Salinity,Tiger Shrimp
25.2,7.12,0.0,13.13,Freshwater,Tilapia
28.59,8.04,23.83,50.0,High Salinity,Tiger Shrimp
25.63,7.36,3.6,29.16,Freshwater,Catfish
32.38,7.2,15.64,31.96,High Salinity,Milkfish
29.15,7.23,25.61,38.48,High Salinity,Milkfish
28.01,8.15,17.02,33.22,High Salinity,Milkfish
27.32,8.03,31.37,48.16,High Salinity,Tiger Shrimp
24.46,7.11,2.75,26.38,Freshwater,Tilapia
26.91,8.0,17.19,41.3,High Salinity,Tiger Shrimp
28.96,7.45,23.3,27.42,High Salinity,Whiteleg Shrimp
29.9,7.77,19.13,24.22,High Salinity,Whiteleg Shrimp
29.98,8.27,6.5,34.93,Brackish,Catfish
25.54,7.02,4.88,20.48,Freshwater,Catfish
27.88,6.67,4.06,17.05,Freshwater,Catfish
29.98,6.75,2.14,24.12,Freshwater,Tilapia
28.93,7.91,18.94,24.73,High Salinity,Whiteleg Shrimp
30.24,7.76,3.56,23.3,Freshwater,Catfish
27.23,7.73,1.19,41.91,Freshwater,Catfish
28.09,6.58,2.39,34.1,Freshwater,Catfish
24.21,7.47,5.47,20.72,Brackish,Tilapia
30.62,8.14,23.89,39.0,High Salinity,Tiger Shrimp
29.51,8.41,15.28,29.39,High Salinity,Milkfish
27.72,7.43,1.72,34.1,Freshwater,Catfish
30.32,7.38,15.42,41.56,High Salinity,Milkfish
25.15,7.53,5.61,22.31,Brackish,Catfish
31.04,7.75,17.92,32.14,High Salinity,Milkfish
29.6,7.47,24.65,50.57,High Salinity,Tiger Shrimp
26.3,7.32,1.37,29.75,Freshwater,Catfish
26.82,6.62,1.79,8.47,Freshwater,Tilapia
24.16,7.09,4.19,42.15,Freshwater,Catfish
29.48,8.14,34.73,38.73,High Salinity,Milkfish
32.87,7.73,21.84,46.29,High Salinity,Milkfish
28.58,8.47,18.73,49.47,High Salinity,Whiteleg Shrimp
28.6,8.17,26.6,26.82,High Salinity,Tiger Shrimp
30.08,7.77,27.19,29.03,High Salinity,Tiger Shrimp
28.52,8.18,17.0,44.45,High Salinity,Tiger Shrimp
29.54,8.11,4.26,10.8,Freshwater,Tilapia
30.41,7.94,0.72,13.13,Freshwater,Tilapia
26.79,7.8,2.21,31.46,Freshwater,Catfish
27.99,8.71,2.48,23.28,Freshwater,Tilapia
30.9,8.32,27.02,52.4,High Salinity,Tiger Shrimp
26.75,7.22,17.41,39.05,High Salinity,Milkfish
28.91,7.57,17.25,44.95,High Salinity,Tiger Shrimp
26.9,7.25,2.66,27.39,Freshwater,Catfish
29.01,8.02,18.6,58.52,High Salinity,Tiger Shrimp
28.03,7.63,13.01,29.91,Brackish,Milkfish
26.26,8.07,0.0,9.26,Freshwater,Tilapia
31.17,7.33,15.51,29.32,High Salinity,Whiteleg Shrimp
28.08,7.79,0.0,15.57,Freshwater,Tilapia
28.17,6.82,8.74,31.8,Brackish,Catfish
26.58,8.16,24.92,55.73,High Salinity,Tiger Shrimp
29.15,7.6,16.86,31.0,High Salinity,Tiger Shrimp
27.15,8.5,22.05,40.26,High Salinity,Tiger Shrimp
29.83,7.99,28.0,46.73,High Salinity,Tiger Shrimp
30.05,7.63,8.52,24.51,Brackish,Catfish
30.94,8.27,29.96,47.06,High Salinity,Tiger Shrimp
27.51,8.14,30.15,20.8,High Salinity,Milkfish
29.47,7.61,7.3,18.51,Brackish,Catfish
28.58,8.35,24.44,47.61,High Salinity,Whiteleg Shrimp
28.37,7.5,13.49,29.58,Brackish,Milkfish
29.36,7.92,24.14,47.1,High Salinity,Tiger Shrimp
27.27,7.67,2.15,12.59,Freshwater,Tilapia
24.1,6.58,1.87,13.25,Freshwater,Tilapia
30.79,8.08,20.75,36.42,High Salinity,Whiteleg Shrimp
30.46,7.83,17.81,34.43,High Salinity,Tiger Shrimp
25.74,6.75,1.13,9.23,Freshwater,Tilapia
30.66,8.0,19.36,38.54,High Salinity,Tiger Shrimp
27.55,7.23,30.17,22.61,High Salinity,Milkfish
25.16,7.75,5.02,23.21,Brackish,Tilapia
27.33,8.4,16.79,37.03,High Salinity,Tiger Shrimp
28.13,7.51,2.0,25.5,Freshwater,Tilapia
27.43,7.59,28.75,30.16,High Salinity,Tiger Shrimp
31.51,7.87,17.84,32.72,High Salinity,Whiteleg Shrimp
30.22,7.89,0.98,7.47,Freshwater,Tilapia
30.77,7.96,19.92,41.26,High Salinity,Whiteleg Shrimp
27.67,7.9,27.85,51.0,High Salinity,Tiger Shrimp
28.26,8.15,27.3,30.97,High Salinity,Tiger Shrimp
27.13,6.95,0.78,8.58,Freshwater,Tilapia
30.84,7.67,22.3,48.13,High Salinity,Tiger Shrimp
29.28,7.89,29.25,38.63,High Salinity,Tiger Shrimp
28.46,8.54,20.36,51.88,High Salinity,Tiger Shrimp
29.36,7.83,7.27,15.47,Brackish,Catfish
30.62,7.8,19.27,25.46,High Salinity,Whiteleg Shrimp
28.76,7.7,20.82,56.22,High Salinity,Tiger Shrimp
30.51,7.95,19.33,47.84,High Salinity,Tiger Shrimp
31.88,7.8,20.7,39.94,High Salinity,Whiteleg Shrimp
27.86,7.0,4.84,17.8,Freshwater,Catfish
26.33,6.88,5.43,34.59,Brackish,Catfish
27.16,8.04,9.66,47.84,Brackish,Milkfish
30.26,7.99,19.0,27.75,High Salinity,Milkfish
29.39,8.37,11.38,41.48,Brackish,Milkfish
28.75,8.51,26.78,47.35,High Salinity,Tiger Shrimp
27.57,7.28,11.97,27.24,Brackish,Milkfish
27.37,7.13,4.88,31.36,Freshwater,Catfish
29.76,8.02,28.58,37.53,High Salinity,Milkfish
30.55,8.19,16.23,43.12,High Salinity,Whiteleg Shrimp
28.66,7.92,15.54,30.26,High Salinity,Tiger Shrimp
30.9,6.63,2.83,37.14,Freshwater,Catfish
27.35,7.51,27.8,27.43,High Salinity,Milkfish
30.97,8.31,20.9,38.81,High Salinity,Whiteleg Shrimp
27.19,7.62,3.14,10.77,Freshwater,Tilapia
31.75,6.89,6.7,23.33,Brackish,Catfish
28.74,6.86,1.07,11.09,Freshwater,Tilapia
26.73,8.21,27.58,31.04,High Salinity,Tiger Shrimp
26.81,7.92,15.33,35.73,High Salinity,Milkfish
28.68,7.73,21.04,36.2,High Salinity,Milkfish
30.01,7.66,27.31,39.35,High Salinity,Milkfish
31.68,8.63,23.34,40.92,High Salinity,Whiteleg Shrimp
29.5,8.19,5.35,17.75,Brackish,Tilapia
25.23,7.58,0.73,25.71,Freshwater,Tilapia
25.98,7.48,2.74,16.32,Freshwater,Tilapia
28.56,8.01,17.05,22.58,High Salinity,Whiteleg Shrimp
28.6,7.93,25.6,51.99,High Salinity,Tiger Shrimp
30.11,8.35,21.58,46.14,High Salinity,Whiteleg Shrimp
29.73,8.03,17.43,34.4,High Salinity,Tiger Shrimp
29.82,7.97,24.46,54.37,High Salinity,Tiger Shrimp
24.66,8.28,3.12,23.8,Freshwater,Tilapia
32.68,8.18,31.53,39.24,High Salinity,Milkfish
26.85,7.92,24.53,38.4,High Salinity,Milkfish
25.45,6.87,3.5,18.15,Freshwater,Catfish
29.08,7.35,0.0,21.71,Freshwater,Catfish
25.99,7.24,4.1,33.12,Freshwater,Catfish
28.51,7.92,24.02,27.55,High Salinity,Tiger Shrimp
30.76,7.45,27.18,33.25,High Salinity,Milkfish
27.89,8.36,32.35,23.96,High Salinity,Milkfish
29.95,8.14,19.09,32.75,High Salinity,Whiteleg Shrimp
27.94,7.3,30.78,26.63,High Salinity,Milkfish
29.66,7.61,4.68,14.53,Freshwater,Catfish
30.42,7.38,30.99,25.15,High Salinity,Milkfish
28.36,8.57,23.5,29.63,High Salinity,Tiger Shrimp
27.55,6.86,3.25,27.13,Freshwater,Tilapia
31.07,6.49,0.0,18.05,Freshwater,Catfish
25.44,7.49,1.45,23.92,Freshwater,Tilapia
28.58,7.57,19.45,46.38,High Salinity,Tiger Shrimp
26.87,7.97,32.66,18.2,High Salinity,Milkfish
31.36,6.71,23.04,33.74,High Salinity,Milkfish
27.44,8.3,0.0,24.6,Freshwater,Tilapia
29.67,8.55,18.22,37.18,High Salinity,Tiger Shrimp
28.19,7.99,15.36,25.54,High Salinity,Milkfish
26.21,7.67,0.0,29.7,Freshwater,Catfish
28.77,7.19,0.0,32.33,Freshwater,Catfish
29.58,7.54,0.74,15.49,Freshwater,Tilapia
30.47,7.17,23.82,24.39,High Salinity,Milkfish
27.24,7.98,1.72,18.43,Freshwater,Tilapia
31.98,7.0,4.01,36.78,Freshwater,Catfish
29.09,8.18,17.66,49.98,High Salinity,Whiteleg Shrimp
27.67,8.3,16.09,18.57,High Salinity,Whiteleg Shrimp
24.6,7.39,5.93,20.32,Brackish,Catfish
27.46,7.95,5.33,41.34,Brackish,Catfish
31.1,7.81,22.42,39.89,High Salinity,Whiteleg Shrimp
27.8,7.5,27.91,39.99,High Salinity,Tiger Shrimp
27.38,8.02,3.51,15.74,Freshwater,Tilapia
28.93,6.89,0.83,14.87,Freshwater,Catfish
27.02,8.32,18.52,39.53,High Salinity,Milkfish
29.11,8.38,18.17,48.38,High Salinity,Tiger Shrimp
28.22,7.35,4.76,26.96,Freshwater,Catfish
31.53,8.24,21.65,46.11,High Salinity,Whiteleg Shrimp
29.53,6.96,0.0,30.59,Freshwater,Catfish
28.48,8.24,23.46,25.87,High Salinity,Tiger Shrimp
30.49,7.47,1.39,12.91,Freshwater,Tilapia
26.02,7.43,16.28,24.14,High Salinity,Milkfish
28.14,7.91,19.04,46.42,High Salinity,Tiger Shrimp
29.14,8.29,16.09,38.97,High Salinity,Whiteleg Shrimp
26.08,7.48,3.38,20.03,Freshwater,Tilapia
27.45,6.69,0.0,12.25,Freshwater,Tilapia
27.9,7.74,30.73,23.22,High Salinity,Milkfish
24.85,7.85,8.53,29.83,Brackish,Catfish
29.65,7.89,14.88,40.48,Brackish,Tiger Shrimp
27.11,7.3,1.27,24.11,Freshwater,Catfish
30.31,7.78,21.19,47.92,High Salinity,Tiger Shrimp
32.8,8.1,23.26,22.44,High Salinity,Whiteleg Shrimp
31.03,7.69,35.45,31.84,High Salinity,Milkfish
28.72,8.26,24.95,27.33,High Salinity,Tiger Shrimp
28.22,8.78,24.35,50.48,High Salinity,Tiger Shrimp
26.29,7.91,0.18,21.41,Freshwater,Tilapia
29.44,7.73,16.71,30.16,High Salinity,Whiteleg Shrimp
26.8,6.64,2.02,22.32,Freshwater,Catfish
28.28,8.28,23.24,43.49,High Salinity,Whiteleg Shrimp
30.02,6.46,2.52,30.23,Freshwater,Tilapia
29.12,7.57,22.5,54.65,High Salinity,Tiger Shrimp
27.33,7.21,12.52,46.17,Brackish,Milkfish
26.85,8.3,14.15,38.12,Brackish,Tiger Shrimp
26.45,7.47,2.07,23.01,Freshwater,Catfish
27.12,8.23,18.77,43.85,High Salinity,Whiteleg Shrimp
29.22,8.45,24.2,41.15,High Salinity,Whiteleg Shrimp
24.95,6.97,3.54,23.2,Freshwater,Catfish
26.88,6.99,8.1,21.78,Brackish,Catfish
26.45,8.22,1.64,18.5,Freshwater,Tilapia
25.88,7.95,1.76,18.09,Freshwater,Tilapia
30.35,8.4,19.43,38.75,High Salinity,Tiger Shrimp
25.41,7.83,2.39,27.71,Freshwater,Tilapia
28.7,7.86,4.21,23.33,Freshwater,Tilapia
28.44,7.85,4.72,15.46,Freshwater,Tilapia
25.64,7.67,6.79,27.98,Brackish,Catfish
26.94,6.51,7.07,24.51,Brackish,Catfish
26.07,6.97,0.44,12.64,Freshwater,Catfish
31.42,8.27,17.53,24.57,High Salinity,Whiteleg Shrimp
25.41,6.84,2.79,31.17,Freshwater,Tilapia
29.99,7.27,1.96,21.12,Freshwater,Tilapia
27.85,6.61,5.81,14.25,Brackish,Tilapia
27.59,8.12,30.76,38.34,High Salinity,Milkfish
28.12,8.41,20.75,39.21,High Salinity,Whiteleg Shrimp
29.36,8.11,8.54,14.61,Brackish,Catfish
28.5,8.39,18.23,34.25,High Salinity,Tiger Shrimp
30.53,6.97,2.45,31.47,Freshwater,Catfish
30.38,7.92,23.57,27.04,High Salinity,Whiteleg Shrimp
31.56,7.07,2.32,21.65,Freshwater,Catfish
26.49,7.08,3.13,36.61,Freshwater,Catfish
27.98,7.65,3.06,40.42,Freshwater,Catfish
27.82,8.19,23.55,43.67,High Salinity,Whiteleg Shrimp
28.22,7.33,20.31,52.5,High Salinity,Tiger Shrimp
32.33,8.21,19.44,29.79,High Salinity,Whiteleg Shrimp
26.16,7.83,13.7,46.39,Brackish,Milkfish
29.4,8.05,15.54,44.6,High Salinity,Whiteleg Shrimp
28.72,7.44,18.36,41.05,High Salinity,Whiteleg Shrimp
31.22,7.77,14.69,44.35,Brackish,Tiger Shrimp
32.82,7.84,3.42,20.15,Freshwater,Catfish
25.13,8.01,4.49,5.41,Freshwater,Tilapia
29.57,8.46,18.29,49.11,High Salinity,Tiger Shrimp
26.01,7.89,2.77,25.58,Freshwater,Catfish
26.44,7.51,25.16,34.99,High Salinity,Tiger Shrimp
29.51,8.43,19.44,39.36,High Salinity,Whiteleg Shrimp
29.93,7.85,32.08,42.38,High Salinity,Milkfish
30.42,8.12,17.65,25.8,High Salinity,Milkfish
30.91,8.38,22.31,44.48,High Salinity,Whiteleg Shrimp
26.97,7.58,25.61,35.82,High Salinity,Milkfish
24.36,6.93,4.59,24.64,Freshwater,Tilapia
29.75,8.13,22.58,39.66,High Salinity,Tiger Shrimp
24.32,6.94,2.06,34.77,Freshwater,Catfish
29.84,7.79,24.4,24.39,High Salinity,Whiteleg Shrimp
30.27,8.03,12.61,26.2,Brackish,Milkfish
28.55,8.11,14.47,30.76,Brackish,Whiteleg Shrimp
27.44,7.79,3.38,25.18,Freshwater,Tilapia
29.95,8.49,20.59,33.22,High Salinity,Whiteleg Shrimp
27.34,7.23,25.26,53.5,High Salinity,Tiger Shrimp
28.78,8.46,27.96,53.46,High Salinity,Tiger Shrimp
28.57,8.56,28.29,47.08,High Salinity,Tiger Shrimp
27.3,7.84,0.54,9.12,Freshwater,Tilapia
28.47,8.18,24.88,20.68,High Salinity,Whiteleg Shrimp
31.44,7.53,28.55,43.47,High Salinity,Tiger Shrimp
25.52,7.27,3.74,24.51,Freshwater,Tilapia
31.18,8.45,33.71,44.63,High Salinity,Milkfish
29.27,7.36,33.77,37.39,High Salinity,Milkfish
32.24,7.61,1.94,19.7,Freshwater,Catfish
28.22,8.65,21.93,20.55,High Salinity,Whiteleg Shrimp
30.18,7.53,23.39,35.96,High Salinity,Whiteleg Shrimp
28.77,8.05,4.33,11.83,Freshwater,Tilapia
29.93,8.3,26.54,32.21,High Salinity,Tiger Shrimp
32.02,7.11,34.95,41.89,High Salinity,Milkfish
24.99,8.18,1.77,32.15,Freshwater,Tilapia
28.22,7.48,33.77,39.85,High Salinity,Milkfish
26.44,7.67,16.81,26.16,High Salinity,Tiger Shrimp
29.71,7.82,19.83,46.79,High Salinity,Tiger Shrimp
31.07,8.25,20.41,26.22,High Salinity,Milkfish
29.18,8.13,14.68,38.17,Brackish,Tiger Shrimp
28.95,7.62,17.22,23.49,High Salinity,Whiteleg Shrimp
28.7,7.78,26.21,44.58,High Salinity,Tiger Shrimp
30.05,8.06,18.29,23.58,High Salinity,Whiteleg Shrimp
27.08,8.51,18.48,22.51,High Salinity,Milkfish
26.63,8.24,2.84,21.77,Freshwater,Catfish
26.48,7.62,12.48,21.49,Brackish,Milkfish
27.22,7.78,4.08,10.99,Freshwater,Tilapia
29.42,7.77,18.31,55.01,High Salinity,Tiger Shrimp
29.57,6.29,2.68,12.89,Freshwater,Tilapia
31.44,7.81,22.22,45.43,High Salinity,Whiteleg Shrimp
31.3,8.36,19.35,31.1,High Salinity,Tiger Shrimp
27.83,7.39,22.8,53.38,High Salinity,Tiger Shrimp
28.49,8.12,15.11,26.9,High Salinity,Milkfish
28.06,7.67,26.42,51.95,High Salinity,Tiger Shrimp
27.88,7.75,15.03,26.42,High Salinity,Milkfish
31.55,7.88,21.46,31.02,High Salinity,Milkfish
29.03,7.41,30.3,40.21,High Salinity,Milkfish
28.35,8.6,1.4,13.18,Freshwater,Tilapia
28.8,7.89,29.51,47.24,High Salinity,Tiger Shrimp
26.33,7.9,0.1,19.5,Freshwater,Catfish
26.91,7.54,25.77,34.01,High Salinity,Tiger Shrimp
28.62,8.04,25.01,24.07,High Salinity,Whiteleg Shrimp
30.53,7.98,19.94,27.46,High Salinity,Whiteleg Shrimp
28.37,7.54,1.87,35.31,Freshwater,Catfish
27.89,7.39,16.96,27.41,High Salinity,Tiger Shrimp
28.62,8.59,22.76,35.37,High Salinity,Whiteleg Shrimp
27.33,7.56,31.79,22.53,High Salinity,Milkfish
27.42,8.1,16.5,40.75,High Salinity,Tiger Shrimp
26.02,8.27,18.54,26.18,High Salinity,Milkfish
30.02,7.63,27.77,45.9,High Salinity,Tiger Shrimp
25.64,7.44,2.36,22.57,Freshwater,Catfish
26.83,7.86,3.96,21.92,Freshwater,Catfish
29.39,8.55,24.13,26.34,High Salinity,Tiger Shrimp
29.72,7.82,17.4,28.14,High Salinity,Tiger Shrimp
30.93,7.89,19.16,27.8,High Salinity,Whiteleg Shrimp
28.22,8.17,14.32,32.4,Brackish,Milkfish
30.4,7.82,22.22,42.61,High Salinity,Tiger Shrimp
30.39,6.52,7.42,23.99,Brackish,Catfish
24.17,7.16,1.77,37.67,Freshwater,Catfish
31.4,6.98,6.58,44.63,Brackish,Catfish
28.77,8.17,14.98,47.5,Brackish,Whiteleg Shrimp
25.95,8.38,3.73,28.54,Freshwater,Tilapia
29.7,7.75,16.76,17.98,High Salinity,Whiteleg Shrimp
23.72,7.35,5.28,11.94,Brackish,Tilapia
29.34,8.15,6.96,21.11,Brackish,Catfish
27.77,7.61,19.57,39.98,High Salinity,Milkfish
30.22,7.03,3.02,27.59,Freshwater,Catfish
27.2,6.5,5.62,21.09,Brackish,Catfish
30.3,7.23,0.9,18.46,Freshwater,Catfish
30.6,7.39,32.47,36.32,High Salinity,Milkfish
24.0,7.2,1.62,20.99,Freshwater,Tilapia
29.47,7.16,4.4,7.91,Freshwater,Tilapia
28.67,8.14,22.79,40.16,High Salinity,Milkfish
30.01,8.35,19.41,41.73,High Salinity,Whiteleg Shrimp
28.27,8.18,3.27,20.84,Freshwater,Tilapia
29.43,6.87,1.52,23.92,Freshwater,Tilapia
29.53,6.48,4.37,25.34,Freshwater,Catfish
30.4,7.56,20.28,38.56,High Salinity,Whiteleg Shrimp
31.5,7.83,5.41,24.57,Brackish,Catfish
29.95,8.17,19.93,26.89,High Salinity,Whiteleg Shrimp
27.65,7.97,15.37,30.65,High Salinity,Tiger Shrimp
31.19,6.87,3.59,15.52,Freshwater,Catfish
31.7,7.7,20.93,28.25,High Salinity,Whiteleg Shrimp
27.31,7.84,21.13,31.55,High Salinity,Tiger Shrimp
27.45,8.17,23.41,39.83,High Salinity,Tiger Shrimp
25.42,7.14,1.33,12.28,Freshwater,Tilapia
30.98,7.92,17.63,42.55,High Salinity,Whiteleg Shrimp
29.66,8.33,13.38,29.09,Brackish,Milkfish
30.49,8.17,28.55,26.76,High Salinity,Tiger Shrimp
29.22,8.29,28.31,40.46,High Salinity,Tiger Shrimp
25.24,7.34,0.0,6.86,Freshwater,Tilapia
30.68,7.81,29.78,56.56,High Salinity,Tiger Shrimp
31.62,7.74,1.89,20.92,Freshwater,Catfish
27.95,7.34,28.14,44.01,High Salinity,Milkfish
30.32,6.5,0.0,19.27,Freshwater,Tilapia
32.22,6.97,9.52,37.8,Brackish,Milkfish
28.44,8.33,0.26,20.17,Freshwater,Tilapia
30.13,8.23,15.96,29.44,High Salinity,Tiger Shrimp
30.43,7.53,18.54,40.73,High Salinity,Whiteleg Shrimp
29.05,7.49,4.59,11.66,Freshwater,Tilapia
29.7,7.42,4.97,29.57,Freshwater,Catfish
30.42,7.84,26.79,19.33,High Salinity,Milkfish
29.27,8.18,20.45,50.35,High Salinity,Whiteleg Shrimp
28.27,7.81,13.58,30.4,Brackish,Milkfish
24.0,8.13,0.0,20.81,Freshwater,Tilapia
28.93,6.67,7.7,32.38,Brackish,Catfish
28.54,7.42,2.44,18.87,Freshwater,Tilapia
26.72,7.3,6.49,25.19,Brackish,Catfish
25.95,7.73,2.4,24.6,Freshwater,Tilapia
28.9,7.57,27.51,46.53,High Salinity,Tiger Shrimp
30.1,7.76,29.17,28.87,High Salinity,Milkfish
26.96,7.31,0.09,27.88,Freshwater,Tilapia
26.65,6.86,3.8,22.45,Freshwater,Tilapia
29.32,7.67,23.7,36.87,High Salinity,Milkfish
28.36,8.19,17.24,34.65,High Salinity,Whiteleg Shrimp
29.67,7.5,2.4,36.59,Freshwater,Catfish
31.51,7.65,19.99,25.57,High Salinity,Whiteleg Shrimp
29.66,7.02,0.0,15.21,Freshwater,Tilapia
25.88,7.77,0.11,16.18,Freshwater,Tilapia
31.54,7.39,22.48,29.53,High Salinity,Milkfish
30.54,8.0,19.96,53.25,High Salinity,Tiger Shrimp
28.63,7.75,22.19,20.84,High Salinity,Whiteleg Shrimp
32.67,7.1,20.66,41.19,High Salinity,Milkfish
26.91,6.68,5.0,29.32,Freshwater,Tilapia
24.68,8.78,2.41,9.48,Freshwater,Tilapia
28.67,7.38,0.0,27.96,Freshwater,Catfish
23.54,7.23,3.51,18.46,Freshwater,Tilapia
27.79,7.61,23.5,44.67,High Salinity,Tiger Shrimp
29.48,7.32,12.78,27.1,Brackish,Milkfish
27.09,7.53,4.91,33.25,Freshwater,Catfish
26.65,7.11,1.59,39.42,Freshwater,Catfish
25.72,8.32,19.97,39.99,High Salinity,Milkfish
28.71,7.22,0.35,11.06,Freshwater,Tilapia
27.15,8.28,30.65,21.77,High Salinity,Milkfish
26.99,7.69,14.24,48.58,Brackish,Tiger Shrimp
32.78,8.18,23.39,34.16,High Salinity,Whiteleg Shrimp
29.21,7.06,6.51,34.81,Brackish,Catfish
31.51,7.16,5.23,29.58,Brackish,Catfish
27.87,7.86,3.8,20.91,Freshwater,Tilapia
30.56,8.3,24.88,29.86,High Salinity,Tiger Shrimp
25.0,7.21,2.08,30.95,Freshwater,Tilapia
24.48,7.82,0.34,17.39,Freshwater,Tilapia
26.44,7.95,19.96,21.61,High Salinity,Milkfish
26.09,6.72,1.53,25.75,Freshwater,Tilapia
27.11,8.32,17.93,50.84,High Salinity,Tiger Shrimp
29.56,7.81,13.89,33.48,Brackish,Tiger Shrimp
28.3,8.46,23.97,38.06,High Salinity,Whiteleg Shrimp
30.2,8.52,17.3,48.65,High Salinity,Tiger Shrimp
31.79,8.33,20.19,42.89,High Salinity,Whiteleg Shrimp
29.02,7.43,1.89,20.63,Freshwater,Tilapia
29.99,8.07,15.6,16.92,High Salinity,Whiteleg Shrimp
26.77,6.95,1.64,31.16,Freshwater,Tilapia
27.25,7.38,26.16,38.94,High Salinity,Tiger Shrimp
28.22,8.11,13.75,38.0,Brackish,Whiteleg Shrimp
30.38,8.67,12.64,27.05,Brackish,Milkfish
31.02,8.24,20.34,36.58,High Salinity,Whiteleg Shrimp
28.79,8.32,2.1,22.26,Freshwater,Tilapia
27.52,7.55,8.17,20.68,Brackish,Catfish
31.71,7.91,15.02,35.9,High Salinity,Whiteleg Shrimp
30.26,7.23,9.49,25.72,Brackish,Catfish
25.83,6.79,1.41,25.57,Freshwater,Tilapia
28.08,7.47,4.27,33.76,Freshwater,Catfish
25.52,6.9,0.26,23.23,Freshwater,Catfish
28.59,7.78,27.06,30.05,High Salinity,Tiger Shrimp
31.02,7.94,20.22,54.35,High Salinity,Tiger Shrimp
27.16,6.87,5.83,15.0,Brackish,Tilapia
30.65,7.62,17.48,19.49,High Salinity,Whiteleg Shrimp
23.9,7.55,4.19,30.26,Freshwater,Tilapia
26.51,7.3,0.37,37.37,Freshwater,Catfish
29.43,6.5,3.72,21.3,Freshwater,Catfish
28.79,7.8,23.32,52.53,High Salinity,Tiger Shrimp
32.7,7.01,25.47,26.42,High Salinity,Milkfish
25.73,7.56,0.02,17.14,Freshwater,Catfish
26.01,7.2,2.19,25.88,Freshwater,Tilapia
25.41,6.94,2.49,28.25,Freshwater,Tilapia
32.06,8.15,35.05,28.75,High Salinity,Milkfish
32.14,7.97,15.33,35.82,High Salinity,Whiteleg Shrimp
30.81,7.62,18.75,32.79,High Salinity,Tiger Shrimp
27.53,7.69,16.25,39.26,High Salinity,Milkfish
30.64,8.41,22.75,21.76,High Salinity,Whiteleg Shrimp
30.68,8.14,27.9,33.01,High Salinity,Milkfish
31.2,8.12,22.12,44.93,High Salinity,Milkfish
30.38,7.68,21.37,25.5,High Salinity,Whiteleg Shrimp
24.63,7.55,3.63,28.87,Freshwater,Tilapia
27.29,7.12,0.66,29.24,Freshwater,Tilapia
26.81,7.66,18.8,30.53,High Salinity,Tiger Shrimp
26.28,7.83,2.06,35.31,Freshwater,Catfish
30.61,7.74,30.6,29.2,High Salinity,Milkfish
30.29,8.24,27.83,27.37,High Salinity,Tiger Shrimp
26.88,8.06,20.05,38.95,High Salinity,Tiger Shrimp
26.94,8.22,21.23,39.35,High Salinity,Tiger Shrimp
28.86,7.55,18.1,23.58,High Salinity,Milkfish
25.62,8.41,1.96,17.88,Freshwater,Tilapia
29.16,6.74,1.05,38.33,Freshwater,Catfish
28.23,8.31,17.54,41.69,High Salinity,Tiger Shrimp
29.55,7.78,25.01,30.54,High Salinity,Tiger Shrimp
24.58,7.02,0.0,19.59,Freshwater,Tilapia
26.81,7.49,1.15,34.75,Freshwater,Catfish
27.71,7.6,20.31,46.91,High Salinity,Whiteleg Shrimp
30.21,7.26,6.82,19.15,Brackish,Catfish
27.03,6.44,0.02,35.13,Freshwater,Catfish
26.64,7.01,2.36,23.07,Freshwater,Tilapia
29.91,8.26,33.39,45.02,High Salinity,Milkfish
28.63,7.79,0.85,34.53,Freshwater,Catfish
30.56,7.74,21.25,53.78,High Salinity,Tiger Shrimp
29.78,8.1,25.76,31.42,High Salinity,Whiteleg Shrimp
28.6,7.84,19.4,34.14,High Salinity,Whiteleg Shrimp
29.22,8.0,24.51,35.13,High Salinity,Whiteleg Shrimp
30.73,8.2,36.42,28.12,High Salinity,Milkfish
27.58,8.34,20.56,43.93,High Salinity,Tiger Shrimp
28.07,7.64,1.63,31.57,Freshwater,Tilapia
29.4,7.75,14.34,42.76,Brackish,Milkfish
26.87,7.93,2.07,30.79,Freshwater,Tilapia
25.61,7.66,1.56,18.49,Freshwater,Tilapia
29.38,6.9,20.33,41.48,High Salinity,Milkfish
27.29,7.98,21.29,40.91,High Salinity,Milkfish
29.51,8.15,24.23,38.25,High Salinity,Tiger Shrimp
27.97,7.24,27.08,39.08,High Salinity,Milkfish
30.43,7.79,8.01,23.13,Brackish,Catfish
30.33,7.03,2.26,37.87,Freshwater,Catfish
29.85,8.31,14.34,36.73,Brackish,Milkfish
28.25,6.5,8.75,15.77,Brackish,Catfish
31.35,7.64,22.35,36.95,High Salinity,Whiteleg Shrimp
27.73,7.1,6.88,37.62,Brackish,Catfish
26.26,8.07,21.0,57.63,High Salinity,Tiger Shrimp
24.35,8.34,0.93,24.03,Freshwater,Tilapia
29.58,7.79,21.22,39.02,High Salinity,Tiger Shrimp
28.85,8.34,17.81,42.81,High Salinity,Tiger Shrimp
26.44,6.7,1.92,31.72,Freshwater,Tilapia
29.75,7.54,15.92,38.92,High Salinity,Milkfish
30.04,8.47,20.14,48.22,High Salinity,Whiteleg Shrimp
29.68,8.25,3.72,13.61,Freshwater,Tilapia
26.31,8.15,15.69,24.37,High Salinity,Milkfish
30.08,7.71,28.17,19.03,High Salinity,Milkfish
29.39,8.0,27.96,37.16,High Salinity,Tiger Shrimp
29.18,7.7,33.69,33.85,High Salinity,Milkfish
28.03,7.81,19.89,38.77,High Salinity,Whiteleg Shrimp
29.18,7.52,27.63,43.83,High Salinity,Milkfish
29.77,7.3,4.06,40.94,Freshwater,Catfish
30.64,7.84,20.03,50.77,High Salinity,Whiteleg Shrimp
29.77,8.58,24.23,41.25,High Salinity,Whiteleg Shrimp
30.14,8.31,25.66,24.03,High Salinity,Whiteleg Shrimp
25.61,6.96,4.57,29.22,Freshwater,Tilapia
23.59,6.51,0.07,16.19,Freshwater,Tilapia
28.99,8.45,4.36,13.2,Freshwater,Tilapia
24.62,6.45,3.22,16.68,Freshwater,Tilapia
27.31,7.7,2.8,18.57,Freshwater,Tilapia
30.57,7.84,26.05,39.05,High Salinity,Milkfish
31.05,8.32,14.16,30.91,Brackish,Whiteleg Shrimp
31.29,7.98,31.47,45.7,High Salinity,Tiger Shrimp
26.09,7.08,1.35,38.38,Freshwater,Catfish
26.99,7.14,27.29,20.24,High Salinity,Milkfish
26.19,7.29,0.13,20.95,Freshwater,Tilapia
31.49,7.81,20.75,34.4,High Salinity,Whiteleg Shrimp
30.44,8.07,21.37,33.59,High Salinity,Tiger Shrimp
27.96,7.56,19.01,36.36,High Salinity,Whiteleg Shrimp
29.79,8.14,29.36,24.12,High Salinity,Milkfish
29.48,7.05,2.79,30.1,Freshwater,Catfish
31.24,7.01,26.69,23.88,High Salinity,Milkfish
28.19,7.17,0.28,27.59,Freshwater,Catfish
28.16,7.83,20.81,34.09,High Salinity,Tiger Shrimp
28.99,7.6,26.83,35.0,High Salinity,Tiger Shrimp
30.11,7.52,17.38,50.13,High Salinity,Whiteleg Shrimp
30.82,8.27,15.81,24.03,High Salinity,Whiteleg Shrimp
25.38,7.51,0.67,26.22,Freshwater,Tilapia
31.34,7.9,26.25,35.63,High Salinity,Tiger Shrimp
31.77,7.59,20.63,26.59,High Salinity,Milkfish
29.29,8.25,16.81,24.0,High Salinity,Whiteleg Shrimp
28.69,8.47,28.1,35.09,High Salinity,Milkfish
28.8,7.01,1.6,20.89,Freshwater,Tilapia
27.6,8.0,22.69,43.99,High Salinity,Tiger Shrimp
27.81,8.7,14.8,48.21,Brackish,Tiger Shrimp
28.15,7.85,20.36,21.06,High Salinity,Tiger Shrimp
31.28,7.51,1.31,36.2,Freshwater,Catfish
28.81,7.97,16.72,28.43,High Salinity,Tiger Shrimp
30.53,8.62,0.0,15.36,Freshwater,Tilapia
26.07,7.77,3.46,18.78,Freshwater,Tilapia
25.84,7.61,6.15,22.0,Brackish,Catfish
30.13,8.05,18.63,49.0,High Salinity,Whiteleg Shrimp
30.88,8.12,22.99,38.22,High Salinity,Tiger Shrimp
30.57,7.37,7.21,27.2,Brackish,Catfish
29.52,7.21,5.88,42.68,Brackish,Catfish
30.46,8.35,2.57,15.04,Freshwater,Tilapia
31.57,7.44,19.97,20.9,High Salinity,Whiteleg Shrimp
27.35,8.06,32.29,26.86,High Salinity,Milkfish
30.96,8.05,23.84,48.51,High Salinity,Whiteleg Shrimp
28.34,7.94,31.25,47.88,High Salinity,Milkfish
30.3,7.63,3.81,21.49,Freshwater,Catfish
28.8,7.1,4.97,21.24,Freshwater,Tilapia
30.83,6.34,5.77,39.01,Brackish,Catfish
28.69,7.26,0.0,15.63,Freshwater,Tilapia
32.23,7.37,22.82,34.22,High Salinity,Whiteleg Shrimp
27.54,8.33,16.98,47.11,High Salinity,Tiger Shrimp
26.78,7.47,7.13,30.46,Brackish,Catfish
29.98,8.22,33.0,44.32,High Salinity,Milkfish
24.03,7.43,2.85,16.21,Freshwater,Tilapia
31.43,7.73,17.86,25.14,High Salinity,Whiteleg Shrimp
28.94,7.96,3.42,14.26,Freshwater,Tilapia
29.39,8.24,18.89,56.88,High Salinity,Tiger Shrimp
30.17,8.09,22.26,40.15,High Salinity,Whiteleg Shrimp
28.78,8.19,16.68,42.41,High Salinity,Whiteleg Shrimp
31.71,8.09,21.2,45.71,High Salinity,Whiteleg Shrimp
26.68,7.06,22.19,20.24,High Salinity,Milkfish
29.77,8.26,19.8,39.96,High Salinity,Whiteleg Shrimp
31.64,8.12,16.65,52.33,High Salinity,Whiteleg Shrimp
30.57,8.68,22.0,21.13,High Salinity,Milkfish
29.36,8.32,25.26,45.17,High Salinity,Tiger Shrimp
24.32,6.92,1.46,31.06,Freshwater,Tilapia
30.48,8.15,19.63,44.71,High Salinity,Whiteleg Shrimp
25.01,8.59,5.1,23.15,Brackish,Tilapia
31.03,7.19,33.56,36.61,High Salinity,Milkfish
31.83,8.13,23.33,30.37,High Salinity,Whiteleg Shrimp
30.0,7.92,16.44,21.54,High Salinity,Whiteleg Shrimp
28.51,7.75,3.21,39.41,Freshwater,Catfish
29.32,7.22,22.18,34.23,High Salinity,Milkfish
27.9,7.95,23.47,24.0,High Salinity,Whiteleg Shrimp
31.0,7.89,5.28,11.68,Brackish,Catfish
31.29,8.25,18.78,39.32,High Salinity,Whiteleg Shrimp
29.92,8.03,25.95,29.58,High Salinity,Milkfish
29.77,7.91,28.5,21.7,High Salinity,Tiger Shrimp
27.15,7.84,35.33,38.77,High Salinity,Milkfish
30.41,8.0,7.48,39.02,Brackish,Catfish
29.79,6.87,32.65,37.18,High Salinity,Milkfish
28.04,8.49,26.06,51.13,High Salinity,Tiger Shrimp
29.75,7.84,28.25,36.15,High Salinity,Tiger Shrimp
28.54,7.61,14.96,34.56,Brackish,Tiger Shrimp
27.19,7.97,9.32,28.71,Brackish,Milkfish
28.73,7.65,16.13,37.43,High Salinity,Whiteleg Shrimp
28.84,7.52,20.1,44.2,High Salinity,Tiger Shrimp
31.9,8.54,25.88,50.67,High Salinity,Whiteleg Shrimp
30.58,6.97,21.49,45.91,High Salinity,Milkfish
29.15,8.0,23.36,23.93,High Salinity,Whiteleg Shrimp
29.36,7.42,18.99,31.43,High Salinity,Milkfish
32.33,7.09,31.48,37.16,High Salinity,Milkfish
29.15,8.48,15.44,21.59,High Salinity,Whiteleg Shrimp
29.23,7.6,19.83,45.82,High Salinity,Tiger Shrimp
29.63,8.1,21.63,41.64,High Salinity,Tiger Shrimp
28.22,7.04,21.04,32.19,High Salinity,Milkfish
27.85,6.94,5.21,29.37,Brackish,Tilapia
29.58,8.32,16.49,52.55,High Salinity,Tiger Shrimp
27.65,7.52,5.72,17.92,Brackish,Tilapia
31.14,8.2,24.62,34.77,High Salinity,Tiger Shrimp
26.17,7.45,17.87,26.71,High Salinity,Milkfish
27.45,6.89,5.05,23.37,Brackish,Catfish
30.92,8.25,22.49,20.22,High Salinity,Whiteleg Shrimp
32.58,8.69,22.9,25.67,High Salinity,Milkfish
29.55,7.73,3.71,27.05,Freshwater,Catfish
28.21,7.95,23.78,39.61,High Salinity,Tiger Shrimp
29.41,8.27,21.59,51.95,High Salinity,Tiger Shrimp
27.42,7.63,28.62,43.1,High Salinity,Tiger Shrimp
29.19,8.03,2.37,31.71,Freshwater,Catfish
29.5,7.21,31.24,16.67,High Salinity,Milkfish
27.26,7.67,24.06,39.29,High Salinity,Milkfish
29.63,7.78,22.86,44.2,High Salinity,Whiteleg Shrimp
26.17,6.36,5.41,28.81,Brackish,Catfish
29.25,7.59,20.36,33.49,High Salinity,Milkfish
29.36,8.48,17.35,35.2,High Salinity,Tiger Shrimp
26.38,7.81,5.31,14.27,Brackish,Tilapia
30.83,7.85,25.66,26.23,High Salinity,Tiger Shrimp
30.1,7.68,18.73,37.62,High Salinity,Whiteleg Shrimp
26.43,8.08,7.05,29.45,Brackish,Catfish
30.71,7.99,25.27,22.65,High Salinity,Whiteleg Shrimp
26.12,6.73,3.29,17.77,Freshwater,Tilapia
26.16,7.6,11.64,23.29,Brackish,Milkfish
27.85,7.19,1.73,18.66,Freshwater,Tilapia
29.23,6.81,34.14,40.71,High Salinity,Milkfish
30.35,7.96,19.59,29.8,High Salinity,Whiteleg Shrimp
32.68,8.05,17.52,31.56,High Salinity,Whiteleg Shrimp
28.25,7.42,24.57,30.76,High Salinity,Whiteleg Shrimp
27.28,8.11,23.35,45.76,High Salinity,Tiger Shrimp
27.88,7.28,5.3,14.76,Brackish,Tilapia
29.08,6.93,33.04,28.72,High Salinity,Milkfish
31.2,7.82,1.54,12.99,Freshwater,Catfish
28.59,7.94,3.36,24.39,Freshwater,Tilapia
30.08,7.75,23.37,48.97,High Salinity,Tiger Shrimp
29.84,7.94,25.22,38.83,High Salinity,Whiteleg Shrimp
27.66,7.79,29.74,52.16,High Salinity,Tiger Shrimp
28.0,7.3,26.71,49.44,High Salinity,Tiger Shrimp
27.78,6.92,3.91,27.42,Freshwater,Catfish
28.57,8.32,36.12,18.47,High Salinity,Milkfish
24.63,8.15,2.44,12.51,Freshwater,Tilapia
28.2,7.55,26.38,38.24,High Salinity,Milkfish
26.01,7.69,29.92,23.92,High Salinity,Milkfish
29.84,8.24,21.6,36.23,High Salinity,Whiteleg Shrimp
29.1,8.47,23.77,53.73,High Salinity,Whiteleg Shrimp
28.64,8.01,28.61,40.08,High Salinity,Tiger Shrimp
31.56,7.78,18.29,42.44,High Salinity,Milkfish
24.35,7.07,2.52,20.33,Freshwater,Tilapia
24.27,6.77,3.72,6.77,Freshwater,Tilapia
25.64,7.28,1.73,25.67,Freshwater,Catfish
32.45,7.65,21.93,34.73,High Salinity,Whiteleg Shrimp
31.33,7.69,18.15,39.41,High Salinity,Tiger Shrimp
30.32,8.03,21.35,41.9,High Salinity,Whiteleg Shrimp
26.36,7.43,4.98,32.07,Freshwater,Tilapia
27.66,8.43,27.42,34.58,High Salinity,Tiger Shrimp
29.29,6.46,8.95,40.43,Brackish,Catfish
31.62,7.75,15.33,21.17,High Salinity,Milkfish
30.35,7.35,1.78,16.13,Freshwater,Tilapia
28.14,7.04,4.86,29.63,Freshwater,Catfish
27.31,6.86,2.77,16.49,Freshwater,Tilapia
31.2,7.73,15.03,33.74,High Salinity,Whiteleg Shrimp
28.42,6.97,8.15,30.78,Brackish,Catfish
30.4,6.98,6.0,19.64,Brackish,Catfish
26.23,8.24,11.79,39.99,Brackish,Milkfish
27.83,8.49,24.81,40.69,High Salinity,Whiteleg Shrimp
29.47,8.04,25.5,33.54,High Salinity,Tiger Shrimp
28.37,7.37,5.71,24.65,Brackish,Catfish
28.48,7.73,0.0,37.19,Freshwater,Catfish
26.88,7.91,22.44,35.0,High Salinity,Tiger Shrimp
26.65,7.26,0.03,20.54,Freshwater,Tilapia
29.07,7.99,29.89,17.8,High Salinity,Milkfish
23.52,6.81,2.63,13.79,Freshwater,Tilapia
29.4,7.88,15.25,47.66,High Salinity,Whiteleg Shrimp
28.32,8.37,0.95,19.45,Freshwater,Tilapia
30.31,7.02,2.29,25.08,Freshwater,Tilapia
27.85,6.74,1.69,13.9,Freshwater,Tilapia
31.06,7.63,27.26,38.07,High Salinity,Tiger Shrimp
29.2,7.65,17.73,39.82,High Salinity,Whiteleg Shrimp
30.89,8.5,33.3,24.75,High Salinity,Milkfish
29.13,7.83,29.56,47.14,High Salinity,Tiger Shrimp
28.12,8.32,21.25,41.63,High Salinity,Tiger Shrimp
26.55,7.23,32.02,16.32,High Salinity,Milkfish
31.34,8.25,22.57,43.08,High Salinity,Tiger Shrimp
29.95,6.9,1.29,43.12,Freshwater,Catfish
29.83,7.42,27.12,33.94,High Salinity,Tiger Shrimp
27.56,7.64,5.88,17.45,Brackish,Tilapia
31.66,8.74,27.38,32.54,High Salinity,Tiger Shrimp
27.63,7.94,21.41,33.97,High Salinity,Tiger Shrimp
26.04,8.19,3.17,24.94,Freshwater,Tilapia
28.64,6.71,6.02,24.02,Brackish,Tilapia
24.5,7.3,3.46,22.22,Freshwater,Tilapia
24.98,6.45,2.83,16.61,Freshwater,Tilapia
29.47,7.97,25.79,35.37,High Salinity,Tiger Shrimp
31.09,7.76,29.67,46.0,High Salinity,Tiger Shrimp
29.44,7.7,17.16,36.04,High Salinity,Whiteleg Shrimp
26.74,6.96,5.93,33.2,Brackish,Catfish
32.46,8.22,24.83,43.27,High Salinity,Whiteleg Shrimp
28.94,6.93,4.2,11.65,Freshwater,Tilapia
28.03,7.61,28.52,36.66,High Salinity,Tiger Shrimp
29.71,8.05,20.38,41.95,High Salinity,Whiteleg Shrimp
30.45,8.25,24.15,41.94,High Salinity,Tiger Shrimp
25.5,7.24,2.07,19.19,Freshwater,Catfish
26.16,7.69,2.12,14.45,Freshwater,Tilapia
25.98,7.63,5.66,12.59,Brackish,Catfish
31.83,7.82,19.17,38.7,High Salinity,Whiteleg Shrimp
26.88,7.86,21.44,28.71,High Salinity,Tiger Shrimp
28.45,6.89,10.82,42.4,Brackish,Milkfish
30.64,6.73,6.11,20.28,Brackish,Catfish
28.93,7.59,12.23,28.82,Brackish,Milkfish
29.51,7.45,29.72,28.37,High Salinity,Tiger Shrimp
28.19,7.47,3.31,41.01,Freshwater,Catfish
30.69,8.34,14.57,46.4,Brackish,Whiteleg Shrimp
24.42,6.71,3.56,21.53,Freshwater,Tilapia
27.13,7.51,0.0,39.7,Freshwater,Catfish
31.82,8.11,19.15,22.05,High Salinity,Whiteleg Shrimp
28.85,8.69,22.21,31.34,High Salinity,Milkfish
29.27,7.9,21.82,45.99,High Salinity,Whiteleg Shrimp
27.41,6.65,2.16,24.75,Freshwater,Tilapia
29.53,7.84,20.03,37.07,High Salinity,Tiger Shrimp
31.93,7.82,5.1,29.45,Brackish,Catfish
27.66,6.4,5.11,24.37,Brackish,Catfish
28.4,8.15,24.59,22.31,High Salinity,Milkfish
26.2,7.83,0.0,31.21,Freshwater,Catfish
26.56,8.03,27.53,46.41,High Salinity,Milkfish
28.26,7.91,13.51,48.67,Brackish,Whiteleg Shrimp
29.79,6.9,4.32,27.31,Freshwater,Catfish
27.44,7.83,20.3,27.28,High Salinity,Whiteleg Shrimp
29.16,7.58,13.98,25.86,Brackish,Tiger Shrimp
29.84,7.77,24.35,45.99,High Salinity,Whiteleg Shrimp
26.27,7.01,4.19,34.58,Freshwater,Catfish
27.99,6.9,1.57,25.15,Freshwater,Tilapia
30.97,8.17,30.98,31.45,High Salinity,Tiger Shrimp
30.75,7.56,22.22,23.28,High Salinity,Milkfish
27.84,7.68,15.39,34.95,High Salinity,Tiger Shrimp
29.5,7.84,15.95,52.88,High Salinity,Tiger Shrimp
27.37,8.6,19.38,33.91,High Salinity,Whiteleg Shrimp
31.69,8.15,33.65,29.22,High Salinity,Milkfish
30.51,7.43,0.0,18.56,Freshwater,Catfish
29.46,8.28,25.49,24.34,High Salinity,Milkfish
28.7,8.71,23.86,39.61,High Salinity,Whiteleg Shrimp
29.5,7.39,0.17,14.91,Freshwater,Tilapia
25.79,7.05,2.58,18.55,Freshwater,Tilapia
25.96,8.3,26.56,31.37,High Salinity,Milkfish
28.82,8.55,19.86,48.39,High Salinity,Whiteleg Shrimp
29.26,7.38,14.37,41.16,Brackish,Milkfish
29.23,8.55,22.04,19.81,High Salinity,Whiteleg Shrimp
26.77,6.72,3.74,19.51,Freshwater,Tilapia
28.06,7.83,15.13,33.34,High Salinity,Whiteleg Shrimp
30.44,8.52,25.76,29.26,High Salinity,Milkfish
28.67,8.05,22.25,33.46,High Salinity,Tiger Shrimp
27.09,6.67,3.5,37.17,Freshwater,Catfish
30.15,7.14,31.29,42.57,High Salinity,Milkfish
31.26,7.62,29.12,48.86,High Salinity,Tiger Shrimp
28.88,8.12,23.24,41.01,High Salinity,Whiteleg Shrimp
31.66,8.11,16.98,19.55,High Salinity,Whiteleg Shrimp
30.34,8.04,25.16,29.1,High Salinity,Tiger Shrimp
28.84,8.42,1.03,25.58,Freshwater,Tilapia
29.04,7.39,25.59,33.11,High Salinity,Tiger Shrimp
25.96,7.95,1.99,10.96,Freshwater,Tilapia
29.33,7.4,2.76,13.41,Freshwater,Tilapia
27.54,8.02,21.04,42.64,High Salinity,Whiteleg Shrimp
25.27,8.13,11.79,36.53,Brackish,Milkfish
27.08,8.15,3.5,19.72,Freshwater,Catfish
29.98,7.44,6.59,22.45,Brackish,Tilapia
30.26,8.18,24.75,50.54,High Salinity,Whiteleg Shrimp
29.5,8.51,15.36,25.61,High Salinity,Milkfish
30.0,8.52,3.19,27.07,Freshwater,Tilapia
30.2,7.52,23.54,37.87,High Salinity,Milkfish
27.01,6.89,0.54,16.38,Freshwater,Tilapia
30.74,8.23,31.01,46.96,High Salinity,Tiger Shrimp
29.52,7.21,15.3,36.78,High Salinity,Milkfish
28.15,8.0,2.77,31.32,Freshwater,Catfish
26.59,8.02,18.14,54.46,High Salinity,Tiger Shrimp
28.07,7.38,1.26,29.03,Freshwater,Tilapia
30.41,8.03,22.54,45.13,High Salinity,Tiger Shrimp
29.3,7.77,0.25,25.43,Freshwater,Tilapia
31.24,7.57,22.03,41.76,High Salinity,Whiteleg Shrimp
27.92,7.84,13.9,37.65,Brackish,Whiteleg Shrimp
29.92,7.66,23.31,22.19,High Salinity,Whiteleg Shrimp
29.8,7.59,6.65,37.99,Brackish,Catfish
27.68,8.03,6.42,28.72,Brackish,Catfish
27.8,8.57,11.32,27.36,Brackish,Milkfish
28.67,7.37,1.35,27.77,Freshwater,Tilapia
27.44,7.9,14.75,49.1,Brackish,Tiger Shrimp
28.72,8.03,20.28,52.27,High Salinity,Tiger Shrimp
30.29,8.02,24.95,29.32,High Salinity,Milkfish
27.7,7.47,2.33,17.54,Freshwater,Tilapia
25.39,6.72,3.27,28.47,Freshwater,Tilapia
28.9,7.7,1.86,24.2,Freshwater,Tilapia
28.06,7.42,19.98,27.97,High Salinity,Milkfish
27.25,8.09,22.6,32.79,High Salinity,Tiger Shrimp
28.38,8.18,21.83,42.68,High Salinity,Tiger Shrimp
26.91,8.24,28.13,39.44,High Salinity,Tiger Shrimp
29.52,7.16,29.12,25.87,High Salinity,Milkfish
26.36,6.86,0.0,30.69,Freshwater,Catfish
28.47,7.67,20.36,37.19,High Salinity,Whiteleg Shrimp
30.21,8.51,35.92,43.47,High Salinity,Milkfish
30.68,8.22,19.96,34.22,High Salinity,Whiteleg Shrimp
29.48,7.87,0.0,21.11,Freshwater,Catfish
28.3,6.98,15.25,38.6,High Salinity,Milkfish
27.14,8.41,23.67,37.73,High Salinity,Tiger Shrimp
28.49,8.07,28.91,34.46,High Salinity,Tiger Shrimp
29.32,6.86,2.82,25.18,Freshwater,Tilapia
25.86,7.91,6.09,20.17,Brackish,Catfish
30.42,8.18,15.43,30.02,High Salinity,Milkfish
28.16,7.94,25.5,46.48,High Salinity,Tiger Shrimp
30.68,7.26,1.0,12.31,Freshwater,Catfish
29.72,7.56,1.82,38.28,Freshwater,Catfish
26.25,6.96,0.0,42.91,Freshwater,Catfish
30.04,7.37,2.2,31.45,Freshwater,Catfish
26.67,8.38,4.04,34.58,Freshwater,Tilapia
31.73,7.85,0.0,18.06,Freshwater,Catfish
26.66,8.03,28.95,40.83,High Salinity,Milkfish
29.26,7.76,27.41,55.4,High Salinity,Tiger Shrimp
30.12,8.57,24.64,49.91,High Salinity,Tiger Shrimp
29.84,7.36,18.33,42.38,High Salinity,Whiteleg Shrimp
27.86,8.05,15.0,26.45,Brackish,Whiteleg Shrimp
29.4,7.92,18.4,27.53,High Salinity,Whiteleg Shrimp
29.05,8.44,28.39,36.95,High Salinity,Tiger Shrimp
30.64,7.81,23.28,27.73,High Salinity,Whiteleg Shrimp
25.72,7.3,3.91,23.26,Freshwater,Tilapia
29.1,7.38,7.66,27.66,Brackish,Catfish
27.03,7.26,4.42,17.52,Freshwater,Catfish
28.92,8.38,22.91,41.78,High Salinity,Whiteleg Shrimp
31.06,8.21,24.03,37.77,High Salinity,Milkfish
23.52,7.58,3.29,22.28,Freshwater,Tilapia
28.5,7.0,1.25,39.6,Freshwater,Catfish
28.73,7.53,20.89,27.71,High Salinity,Milkfish
26.7,8.31,4.09,18.65,Freshwater,Tilapia
28.74,7.86,19.86,30.49,High Salinity,Tiger Shrimp
29.69,6.71,3.43,26.74,Freshwater,Tilapia
31.68,7.88,26.87,32.01,High Salinity,Tiger Shrimp
31.6,8.12,25.26,25.68,High Salinity,Tiger Shrimp
26.3,7.06,4.32,19.66,Freshwater,Tilapia
29.58,7.46,25.96,26.4,High Salinity,Whiteleg Shrimp
27.68,7.9,25.45,49.76,High Salinity,Tiger Shrimp
29.68,8.06,18.29,39.58,High Salinity,Milkfish
30.69,6.57,1.52,20.23,Freshwater,Catfish
32.21,8.03,34.99,42.58,High Salinity,Milkfish
25.97,6.59,2.95,29.48,Freshwater,Catfish
28.49,8.18,15.66,41.0,High Salinity,Whiteleg Shrimp
31.14,6.77,5.65,34.01,Brackish,Catfish
29.48,6.87,2.64,42.96,Freshwater,Catfish
30.79,7.66,5.32,16.18,Brackish,Catfish
31.11,6.79,4.33,22.14,Freshwater,Catfish
31.49,7.77,23.54,37.33,High Salinity,Whiteleg Shrimp
28.16,8.15,30.42,28.23,High Salinity,Tiger Shrimp
29.74,8.62,2.31,9.14,Freshwater,Tilapia
30.47,7.42,17.76,25.05,High Salinity,Milkfish
29.74,7.46,3.91,25.4,Freshwater,Catfish
27.59,7.23,28.67,34.55,High Salinity,Milkfish
30.21,8.15,22.47,27.34,High Salinity,Whiteleg Shrimp
30.81,7.62,24.61,34.14,High Salinity,Whiteleg Shrimp
28.87,6.49,7.85,19.24,Brackish,Catfish
31.38,7.18,5.92,31.04,Brackish,Catfish
31.01,7.83,3.12,32.93,Freshwater,Catfish
31.22,7.34,26.41,21.57,High Salinity,Milkfish
31.81,8.27,18.74,25.72,High Salinity,Whiteleg Shrimp
28.22,7.69,27.51,22.63,High Salinity,Tiger Shrimp
31.54,7.99,5.54,21.29,Brackish,Catfish
30.0,8.0,22.26,36.04,High Salinity,Tiger Shrimp
25.62,7.85,4.79,24.47,Freshwater,Tilapia
28.34,7.27,16.84,26.6,High Salinity,Milkfish
29.22,7.51,17.77,41.2,High Salinity,Tiger Shrimp
32.78,7.41,23.36,38.37,High Salinity,Milkfish
28.33,7.62,5.93,16.44,Brackish,Tilapia
28.45,7.96,21.46,28.93,High Salinity,Whiteleg Shrimp
28.4,7.64,19.09,43.57,High Salinity,Milkfish
30.21,8.12,18.12,44.46,High Salinity,Whiteleg Shrimp
28.33,7.87,16.73,31.44,High Salinity,Milkfish
24.01,8.29,3.23,22.6,Freshwater,Tilapia
26.7,7.82,6.73,27.71,Brackish,Catfish
31.88,7.98,29.07,19.69,High Salinity,Milkfish
26.86,7.56,7.18,19.61,Brackish,Catfish
29.25,8.01,15.1,37.6,High Salinity,Whiteleg Shrimp
27.32,7.69,17.14,33.04,High Salinity,Tiger Shrimp
24.16,8.0,2.42,23.18,Freshwater,Tilapia
31.1,8.34,21.92,33.78,High Salinity,Milkfish
31.31,7.38,4.92,26.17,Freshwater,Catfish
29.89,7.43,18.84,37.66,High Salinity,Whiteleg Shrimp
24.55,7.24,0.59,11.19,Freshwater,Tilapia
29.59,7.91,21.77,39.25,High Salinity,Tiger Shrimp
27.44,7.78,2.05,30.53,Freshwater,Catfish
31.09,7.26,14.63,54.86,Brackish,Tiger Shrimp
30.54,7.84,17.37,35.72,High Salinity,Whiteleg Shrimp
27.52,7.88,19.29,40.69,High Salinity,Milkfish
28.6,7.36,14.62,28.87,Brackish,Milkfish
28.9,8.2,22.76,28.61,High Salinity,Whiteleg Shrimp
26.1,6.82,3.27,35.01,Freshwater,Catfish
30.24,7.71,18.52,19.07,High Salinity,Milkfish
29.68,7.6,27.78,43.53,High Salinity,Tiger Shrimp
28.54,6.92,8.03,33.42,Brackish,Catfish
28.11,7.22,4.56,32.07,Freshwater,Tilapia
29.92,8.13,24.07,49.15,High Salinity,Whiteleg Shrimp
28.73,8.55,21.38,39.92,High Salinity,Tiger Shrimp
31.16,7.61,18.82,23.91,High Salinity,Whiteleg Shrimp
27.69,8.24,19.03,43.9,High Salinity,Tiger Shrimp
26.53,8.28,2.32,18.25,Freshwater,Tilapia
28.68,7.07,30.87,27.6,High Salinity,Milkfish
29.27,8.34,29.23,56.8,High Salinity,Tiger Shrimp
30.31,8.21,26.43,39.1,High Salinity,Tiger Shrimp
28.28,7.45,24.46,28.57,High Salinity,Tiger Shrimp
28.11,8.28,30.42,50.47,High Salinity,Tiger Shrimp
30.98,8.08,21.41,32.54,High Salinity,Whiteleg Shrimp
30.32,8.18,22.25,22.49,High Salinity,Whiteleg Shrimp
26.94,7.23,16.78,46.65,High Salinity,Tiger Shrimp
30.93,8.02,25.59,26.29,High Salinity,Whiteleg Shrimp
25.82,7.69,0.04,25.51,Freshwater,Catfish
26.64,7.12,26.05,23.0,High Salinity,Milkfish
30.13,7.58,5.45,13.83,Brackish,Catfish
25.3,7.98,3.75,20.84,Freshwater,Tilapia
29.92,8.03,29.16,32.48,High Salinity,Milkfish
30.54,8.36,18.64,33.89,High Salinity,Whiteleg Shrimp
28.69,7.26,16.14,31.65,High Salinity,Whiteleg Shrimp
30.56,7.85,19.95,29.57,High Salinity,Tiger Shrimp
28.95,7.68,30.55,32.86,High Salinity,Tiger Shrimp
29.24,8.49,22.62,40.56,High Salinity,Tiger Shrimp
29.19,7.73,18.94,28.04,High Salinity,Milkfish
28.73,7.31,4.76,28.49,Freshwater,Tilapia
26.25,7.2,1.59,19.89,Freshwater,Tilapia
25.66,7.25,4.78,15.42,Freshwater,Catfish
27.01,6.79,7.1,26.71,Brackish,Catfish
31.36,8.05,15.57,34.82,High Salinity,Whiteleg Shrimp
30.96,7.29,25.5,48.38,High Salinity,Tiger Shrimp
32.24,7.66,0.92,28.92,Freshwater,Catfish
29.27,7.55,35.46,40.63,High Salinity,Milkfish
32.01,6.5,0.0,22.42,Freshwater,Catfish
28.93,7.62,35.28,33.81,High Salinity,Milkfish
24.51,8.12,2.69,26.42,Freshwater,Tilapia
24.58,8.0,1.04,29.48,Freshwater,Tilapia
29.31,7.46,9.83,29.48,Brackish,Milkfish
30.74,8.41,19.19,42.85,High Salinity,Tiger Shrimp
29.93,6.5,2.45,16.08,Freshwater,Tilapia
26.47,7.68,7.86,34.04,Brackish,Catfish
31.15,7.77,14.22,39.77,Brackish,Milkfish
28.69,8.05,1.41,20.54,Freshwater,Tilapia
31.01,7.88,9.35,28.95,Brackish,Milkfish
28.45,7.68,4.88,17.78,Freshwater,Catfish
